id,rate_2005,rate_2007,rate_2009
01001,0.097,0.313698,0.036278
01003,0.091,0.294294,0.034034
01005,0.134,0.433356,0.050116
01007,0.121,0.391314,0.045254
01009,0.099,0.320166,0.037026
01011,0.164,0.530376,0.061336
01013,0.167,0.540078,0.062458
01015,0.108,0.349272,0.040392
01017,0.186,0.601524,0.069564
01019,0.118,0.381612,0.044132
01021,0.099,0.320166,0.037026
01023,0.127,0.410718,0.047498
01025,0.17,0.54978,0.06358
01027,0.159,0.514206,0.059466
01029,0.104,0.336336,0.038896
01031,0.085,0.27489,0.03179
01033,0.114,0.368676,0.042636
01035,0.195,0.63063,0.07293
01037,0.14,0.45276,0.05236
01039,0.101,0.326634,0.037774
01041,0.097,0.313698,0.036278
01043,0.096,0.310464,0.035904
01045,0.093,0.300762,0.034782
01047,0.211,0.682374,0.078914
01049,0.143,0.462462,0.053482
01051,0.09,0.29106,0.03366
01053,0.129,0.417186,0.048246
01055,0.107,0.346038,0.040018
01057,0.128,0.413952,0.047872
01059,0.123,0.397782,0.046002
01061,0.1,0.3234,0.0374
01063,0.147,0.475398,0.054978
01065,0.127,0.410718,0.047498
01067,0.099,0.320166,0.037026
01069,0.089,0.287826,0.033286
01071,0.118,0.381612,0.044132
01073,0.107,0.346038,0.040018
01075,0.148,0.478632,0.055352
01077,0.105,0.33957,0.03927
01079,0.136,0.439824,0.050864
01081,0.086,0.278124,0.032164
01083,0.093,0.300762,0.034782
01085,0.185,0.59829,0.06919
01087,0.114,0.368676,0.042636
01089,0.075,0.24255,0.02805
01091,0.148,0.478632,0.055352
01093,0.152,0.491568,0.056848
01095,0.092,0.297528,0.034408
01097,0.111,0.358974,0.041514
01099,0.187,0.604758,0.069938
01101,0.102,0.329868,0.038148
01103,0.104,0.336336,0.038896
01105,0.198,0.640332,0.074052
01107,0.13,0.42042,0.04862
01109,0.087,0.281358,0.032538
01111,0.151,0.488334,0.056474
01113,0.126,0.407484,0.047124
01115,0.107,0.346038,0.040018
01117,0.076,0.245784,0.028424
01119,0.139,0.449526,0.051986
01121,0.136,0.439824,0.050864
01123,0.137,0.443058,0.051238
01125,0.09,0.29106,0.03366
01127,0.119,0.384846,0.044506
01129,0.151,0.488334,0.056474
01131,0.256,0.827904,0.095744
01133,0.175,0.56595,0.06545
02013,0.101,0.326634,0.037774
02016,0.084,0.271656,0.031416
02020,0.07,0.22638,0.02618
02050,0.148,0.478632,0.055352
02060,0.036,0.116424,0.013464
02068,0.034,0.109956,0.012716
02070,0.084,0.271656,0.031416
02090,0.069,0.223146,0.025806
02100,0.062,0.200508,0.023188
02110,0.057,0.184338,0.021318
02122,0.097,0.313698,0.036278
02130,0.061,0.197274,0.022814
02150,0.066,0.213444,0.024684
02164,0.059,0.190806,0.022066
02170,0.088,0.284592,0.032912
02180,0.121,0.391314,0.045254
02185,0.057,0.184338,0.021318
02188,0.132,0.426888,0.049368
02201,0.136,0.439824,0.050864
02220,0.059,0.190806,0.022066
02232,0.073,0.236082,0.027302
02240,0.081,0.261954,0.030294
02261,0.064,0.206976,0.023936
02270,0.204,0.659736,0.076296
02280,0.098,0.316932,0.036652
02282,0.063,0.203742,0.023562
02290,0.136,0.439824,0.050864
04001,0.148,0.478632,0.055352
04003,0.074,0.239316,0.027676
04005,0.077,0.249018,0.028798
04007,0.109,0.352506,0.040766
04009,0.144,0.465696,0.053856
04011,0.215,0.69531,0.08041
04012,0.089,0.287826,0.033286
04013,0.085,0.27489,0.03179
04015,0.102,0.329868,0.038148
04017,0.142,0.459228,0.053108
04019,0.084,0.271656,0.031416
04021,0.118,0.381612,0.044132
04023,0.172,0.556248,0.064328
04025,0.095,0.30723,0.03553
04027,0.242,0.782628,0.090508
05001,0.143,0.462462,0.053482
05003,0.091,0.294294,0.034034
05005,0.082,0.265188,0.030668
05007,0.053,0.171402,0.019822
05009,0.064,0.206976,0.023936
05011,0.078,0.252252,0.029172
05013,0.062,0.200508,0.023188
05015,0.043,0.139062,0.016082
05017,0.096,0.310464,0.035904
05019,0.063,0.203742,0.023562
05021,0.104,0.336336,0.038896
05023,0.059,0.190806,0.022066
05025,0.06,0.19404,0.02244
05027,0.081,0.261954,0.030294
05029,0.065,0.21021,0.02431
05031,0.059,0.190806,0.022066
05033,0.066,0.213444,0.024684
05035,0.099,0.320166,0.037026
05037,0.071,0.229614,0.026554
05039,0.076,0.245784,0.028424
05041,0.099,0.320166,0.037026
05043,0.091,0.294294,0.034034
05045,0.06,0.19404,0.02244
05047,0.059,0.190806,0.022066
05049,0.061,0.197274,0.022814
05051,0.066,0.213444,0.024684
05053,0.057,0.184338,0.021318
05055,0.082,0.265188,0.030668
05057,0.086,0.278124,0.032164
05059,0.073,0.236082,0.027302
05061,0.072,0.232848,0.026928
05063,0.078,0.252252,0.029172
05065,0.077,0.249018,0.028798
05067,0.092,0.297528,0.034408
05069,0.092,0.297528,0.034408
05071,0.061,0.197274,0.022814
05073,0.086,0.278124,0.032164
05075,0.079,0.255486,0.029546
05077,0.082,0.265188,0.030668
05079,0.082,0.265188,0.030668
05081,0.056,0.181104,0.020944
05083,0.077,0.249018,0.028798
05085,0.052,0.168168,0.019448
05087,0.053,0.171402,0.019822
05089,0.112,0.362208,0.041888
05091,0.045,0.14553,0.01683
05093,0.113,0.365442,0.042262
05095,0.074,0.239316,0.027676
05097,0.058,0.187572,0.021692
05099,0.087,0.281358,0.032538
05101,0.062,0.200508,0.023188
05103,0.071,0.229614,0.026554
05105,0.056,0.181104,0.020944
05107,0.088,0.284592,0.032912
05109,0.063,0.203742,0.023562
05111,0.075,0.24255,0.02805
05113,0.064,0.206976,0.023936
05115,0.062,0.200508,0.023188
05117,0.067,0.216678,0.025058
05119,0.06,0.19404,0.02244
05121,0.073,0.236082,0.027302
05123,0.094,0.303996,0.035156
05125,0.058,0.187572,0.021692
05127,0.063,0.203742,0.023562
05129,0.059,0.190806,0.022066
05131,0.062,0.200508,0.023188
05133,0.051,0.164934,0.019074
05135,0.078,0.252252,0.029172
05137,0.066,0.213444,0.024684
05139,0.095,0.30723,0.03553
05141,0.091,0.294294,0.034034
05143,0.05,0.1617,0.0187
05145,0.067,0.216678,0.025058
05147,0.091,0.294294,0.034034
05149,0.064,0.206976,0.023936
06001,0.113,0.365442,0.042262
06003,0.152,0.491568,0.056848
06005,0.121,0.391314,0.045254
06007,0.122,0.394548,0.045628
06009,0.143,0.462462,0.053482
06011,0.145,0.46893,0.05423
06013,0.112,0.362208,0.041888
06015,0.119,0.384846,0.044506
06017,0.112,0.362208,0.041888
06019,0.141,0.455994,0.052734
06021,0.138,0.446292,0.051612
06023,0.103,0.333102,0.038522
06025,0.301,0.973434,0.112574
06027,0.095,0.30723,0.03553
06029,0.139,0.449526,0.051986
06031,0.139,0.449526,0.051986
06033,0.147,0.475398,0.054978
06035,0.118,0.381612,0.044132
06037,0.127,0.410718,0.047498
06039,0.123,0.397782,0.046002
06041,0.08,0.25872,0.02992
06043,0.088,0.284592,0.032912
06045,0.101,0.326634,0.037774
06047,0.157,0.507738,0.058718
06049,0.111,0.358974,0.041514
06051,0.103,0.333102,0.038522
06053,0.1,0.3234,0.0374
06055,0.087,0.281358,0.032538
06057,0.109,0.352506,0.040766
06059,0.094,0.303996,0.035156
06061,0.113,0.365442,0.042262
06063,0.139,0.449526,0.051986
06065,0.147,0.475398,0.054978
06067,0.122,0.394548,0.045628
06069,0.125,0.40425,0.04675
06071,0.136,0.439824,0.050864
06073,0.102,0.329868,0.038148
06075,0.097,0.313698,0.036278
06077,0.155,0.50127,0.05797
06079,0.09,0.29106,0.03366
06081,0.09,0.29106,0.03366
06083,0.085,0.27489,0.03179
06085,0.118,0.381612,0.044132
06087,0.102,0.329868,0.038148
06089,0.147,0.475398,0.054978
06091,0.137,0.443058,0.051238
06093,0.135,0.43659,0.05049
06095,0.115,0.37191,0.04301
06097,0.099,0.320166,0.037026
06099,0.153,0.494802,0.057222
06101,0.151,0.488334,0.056474
06103,0.137,0.443058,0.051238
06105,0.159,0.514206,0.059466
06107,0.149,0.481866,0.055726
06109,0.127,0.410718,0.047498
06111,0.11,0.35574,0.04114
06113,0.109,0.352506,0.040766
06115,0.178,0.575652,0.066572
08001,0.081,0.261954,0.030294
08003,0.055,0.17787,0.02057
08005,0.069,0.223146,0.025806
08007,0.062,0.200508,0.023188
08009,0.034,0.109956,0.012716
08011,0.05,0.1617,0.0187
08013,0.055,0.17787,0.02057
08014,0.066,0.213444,0.024684
08015,0.051,0.164934,0.019074
08017,0.02,0.06468,0.00748
08019,0.07,0.22638,0.02618
08021,0.051,0.164934,0.019074
08023,0.084,0.271656,0.031416
08025,0.076,0.245784,0.028424
08027,0.052,0.168168,0.019448
08029,0.066,0.213444,0.024684
08031,0.077,0.249018,0.028798
08033,0.132,0.426888,0.049368
08035,0.059,0.190806,0.022066
08037,0.062,0.200508,0.023188
08039,0.06,0.19404,0.02244
08041,0.072,0.232848,0.026928
08043,0.077,0.249018,0.028798
08045,0.058,0.187572,0.021692
08047,0.06,0.19404,0.02244
08049,0.058,0.187572,0.021692
08051,0.044,0.142296,0.016456
08053,0.022,0.071148,0.008228
08055,0.072,0.232848,0.026928
08057,0.033,0.106722,0.012342
08059,0.067,0.216678,0.025058
08061,0.028,0.090552,0.010472
08063,0.029,0.093786,0.010846
08065,0.071,0.229614,0.026554
08067,0.047,0.151998,0.017578
08069,0.056,0.181104,0.020944
08071,0.07,0.22638,0.02618
08073,0.037,0.119658,0.013838
08075,0.046,0.148764,0.017204
08077,0.082,0.265188,0.030668
08079,0.053,0.171402,0.019822
08081,0.056,0.181104,0.020944
08083,0.063,0.203742,0.023562
08085,0.069,0.223146,0.025806
08087,0.049,0.158466,0.018326
08089,0.058,0.187572,0.021692
08091,0.041,0.132594,0.015334
08093,0.061,0.197274,0.022814
08095,0.026,0.084084,0.009724
08097,0.05,0.1617,0.0187
08099,0.05,0.1617,0.0187
08101,0.075,0.24255,0.02805
08103,0.039,0.126126,0.014586
08105,0.048,0.155232,0.017952
08107,0.06,0.19404,0.02244
08109,0.078,0.252252,0.029172
08111,0.053,0.171402,0.019822
08113,0.042,0.135828,0.015708
08115,0.033,0.106722,0.012342
08117,0.058,0.187572,0.021692
08119,0.067,0.216678,0.025058
08121,0.032,0.103488,0.011968
08123,0.075,0.24255,0.02805
08125,0.026,0.084084,0.009724
09001,0.078,0.252252,0.029172
09003,0.088,0.284592,0.032912
09005,0.079,0.255486,0.029546
09007,0.067,0.216678,0.025058
09009,0.089,0.287826,0.033286
09011,0.076,0.245784,0.028424
09013,0.067,0.216678,0.025058
09015,0.09,0.29106,0.03366
10001,0.079,0.255486,0.029546
10003,0.086,0.278124,0.032164
10005,0.073,0.236082,0.027302
11001,0.117,0.378378,0.043758
12001,0.071,0.229614,0.026554
12003,0.114,0.368676,0.042636
12005,0.089,0.287826,0.033286
12007,0.083,0.268422,0.031042
12009,0.111,0.358974,0.041514
12011,0.098,0.316932,0.036652
12013,0.082,0.265188,0.030668
12015,0.127,0.410718,0.047498
12017,0.121,0.391314,0.045254
12019,0.098,0.316932,0.036652
12021,0.131,0.423654,0.048994
12023,0.09,0.29106,0.03366
12027,0.117,0.378378,0.043758
12029,0.123,0.397782,0.046002
12031,0.112,0.362208,0.041888
12033,0.098,0.316932,0.036652
12035,0.162,0.523908,0.060588
12037,0.071,0.229614,0.026554
12039,0.096,0.310464,0.035904
12041,0.1,0.3234,0.0374
12043,0.1,0.3234,0.0374
12045,0.098,0.316932,0.036652
12047,0.113,0.365442,0.042262
12049,0.126,0.407484,0.047124
12051,0.168,0.543312,0.062832
12053,0.138,0.446292,0.051612
12055,0.116,0.375144,0.043384
12057,0.115,0.37191,0.04301
12059,0.072,0.232848,0.026928
12061,0.152,0.491568,0.056848
12063,0.072,0.232848,0.026928
12065,0.085,0.27489,0.03179
12067,0.072,0.232848,0.026928
12069,0.123,0.397782,0.046002
12071,0.139,0.449526,0.051986
12073,0.072,0.232848,0.026928
12075,0.121,0.391314,0.045254
12077,0.053,0.171402,0.019822
12079,0.117,0.378378,0.043758
12081,0.127,0.410718,0.047498
12083,0.133,0.430122,0.049742
12085,0.119,0.384846,0.044506
12086,0.113,0.365442,0.042262
12087,0.07,0.22638,0.02618
12089,0.107,0.346038,0.040018
12091,0.072,0.232848,0.026928
12093,0.133,0.430122,0.049742
12095,0.114,0.368676,0.042636
12097,0.128,0.413952,0.047872
12099,0.117,0.378378,0.043758
12101,0.125,0.40425,0.04675
12103,0.112,0.362208,0.041888
12105,0.127,0.410718,0.047498
12107,0.122,0.394548,0.045628
12109,0.09,0.29106,0.03366
12111,0.153,0.494802,0.057222
12113,0.094,0.303996,0.035156
12115,0.123,0.397782,0.046002
12117,0.106,0.342804,0.039644
12119,0.09,0.29106,0.03366
12121,0.098,0.316932,0.036652
12123,0.104,0.336336,0.038896
12125,0.084,0.271656,0.031416
12127,0.117,0.378378,0.043758
12129,0.072,0.232848,0.026928
12131,0.068,0.219912,0.025432
12133,0.096,0.310464,0.035904
13001,0.097,0.313698,0.036278
13003,0.126,0.407484,0.047124
13005,0.085,0.27489,0.03179
13007,0.091,0.294294,0.034034
13009,0.116,0.375144,0.043384
13011,0.067,0.216678,0.025058
13013,0.111,0.358974,0.041514
13015,0.133,0.430122,0.049742
13017,0.153,0.494802,0.057222
13019,0.124,0.401016,0.046376
13021,0.1,0.3234,0.0374
13023,0.097,0.313698,0.036278
13025,0.116,0.375144,0.043384
13027,0.087,0.281358,0.032538
13029,0.081,0.261954,0.030294
13031,0.09,0.29106,0.03366
13033,0.122,0.394548,0.045628
13035,0.127,0.410718,0.047498
13037,0.111,0.358974,0.041514
13039,0.091,0.294294,0.034034
13043,0.093,0.300762,0.034782
13045,0.108,0.349272,0.040392
13047,0.08,0.25872,0.02992
13049,0.106,0.342804,0.039644
13051,0.085,0.27489,0.03179
13053,0.146,0.472164,0.054604
13055,0.114,0.368676,0.042636
13057,0.095,0.30723,0.03553
13059,0.07,0.22638,0.02618
13061,0.082,0.265188,0.030668
13063,0.123,0.397782,0.046002
13065,0.11,0.35574,0.04114
13067,0.096,0.310464,0.035904
13069,0.168,0.543312,0.062832
13071,0.09,0.29106,0.03366
13073,0.07,0.22638,0.02618
13075,0.119,0.384846,0.044506
13077,0.1,0.3234,0.0374
13079,0.095,0.30723,0.03553
13081,0.121,0.391314,0.045254
13083,0.09,0.29106,0.03366
13085,0.101,0.326634,0.037774
13087,0.127,0.410718,0.047498
13089,0.107,0.346038,0.040018
13091,0.112,0.362208,0.041888
13093,0.101,0.326634,0.037774
13095,0.111,0.358974,0.041514
13097,0.114,0.368676,0.042636
13099,0.105,0.33957,0.03927
13101,0.067,0.216678,0.025058
13103,0.079,0.255486,0.029546
13105,0.122,0.394548,0.045628
13107,0.103,0.333102,0.038522
13109,0.089,0.287826,0.033286
13111,0.1,0.3234,0.0374
13113,0.084,0.271656,0.031416
13115,0.111,0.358974,0.041514
13117,0.086,0.278124,0.032164
13119,0.118,0.381612,0.044132
13121,0.107,0.346038,0.040018
13123,0.098,0.316932,0.036652
13125,0.111,0.358974,0.041514
13127,0.082,0.265188,0.030668
13129,0.131,0.423654,0.048994
13131,0.098,0.316932,0.036652
13133,0.111,0.358974,0.041514
13135,0.094,0.303996,0.035156
13137,0.094,0.303996,0.035156
13139,0.091,0.294294,0.034034
13141,0.177,0.572418,0.066198
13143,0.113,0.365442,0.042262
13145,0.072,0.232848,0.026928
13147,0.138,0.446292,0.051612
13149,0.124,0.401016,0.046376
13151,0.104,0.336336,0.038896
13153,0.073,0.236082,0.027302
13155,0.145,0.46893,0.05423
13157,0.109,0.352506,0.040766
13159,0.127,0.410718,0.047498
13161,0.135,0.43659,0.05049
13163,0.149,0.481866,0.055726
13165,0.196,0.633864,0.073304
13167,0.119,0.384846,0.044506
13169,0.086,0.278124,0.032164
13171,0.153,0.494802,0.057222
13173,0.084,0.271656,0.031416
13175,0.108,0.349272,0.040392
13177,0.079,0.255486,0.029546
13179,0.085,0.27489,0.03179
13181,0.103,0.333102,0.038522
13183,0.059,0.190806,0.022066
13185,0.082,0.265188,0.030668
13187,0.111,0.358974,0.041514
13189,0.121,0.391314,0.045254
13191,0.096,0.310464,0.035904
13193,0.13,0.42042,0.04862
13195,0.083,0.268422,0.031042
13197,0.099,0.320166,0.037026
13199,0.132,0.426888,0.049368
13201,0.087,0.281358,0.032538
13205,0.104,0.336336,0.038896
13207,0.102,0.329868,0.038148
13209,0.085,0.27489,0.03179
13211,0.098,0.316932,0.036652
13213,0.123,0.397782,0.046002
13215,0.092,0.297528,0.034408
13217,0.126,0.407484,0.047124
13219,0.062,0.200508,0.023188
13221,0.082,0.265188,0.030668
13223,0.107,0.346038,0.040018
13225,0.102,0.329868,0.038148
13227,0.108,0.349272,0.040392
13229,0.093,0.300762,0.034782
13231,0.118,0.381612,0.044132
13233,0.108,0.349272,0.040392
13235,0.071,0.229614,0.026554
13237,0.104,0.336336,0.038896
13239,0.118,0.381612,0.044132
13241,0.104,0.336336,0.038896
13243,0.13,0.42042,0.04862
13245,0.103,0.333102,0.038522
13247,0.12,0.38808,0.04488
13249,0.138,0.446292,0.051612
13251,0.137,0.443058,0.051238
13253,0.107,0.346038,0.040018
13255,0.154,0.498036,0.057596
13257,0.107,0.346038,0.040018
13259,0.107,0.346038,0.040018
13261,0.129,0.417186,0.048246
13263,0.098,0.316932,0.036652
13265,0.124,0.401016,0.046376
13267,0.087,0.281358,0.032538
13269,0.13,0.42042,0.04862
13271,0.162,0.523908,0.060588
13273,0.116,0.375144,0.043384
13275,0.093,0.300762,0.034782
13277,0.106,0.342804,0.039644
13279,0.098,0.316932,0.036652
13281,0.078,0.252252,0.029172
13283,0.119,0.384846,0.044506
13285,0.129,0.417186,0.048246
13287,0.13,0.42042,0.04862
13289,0.114,0.368676,0.042636
13291,0.09,0.29106,0.03366
13293,0.133,0.430122,0.049742
13295,0.096,0.310464,0.035904
13297,0.11,0.35574,0.04114
13299,0.107,0.346038,0.040018
13301,0.188,0.607992,0.070312
13303,0.14,0.45276,0.05236
13305,0.117,0.378378,0.043758
13307,0.091,0.294294,0.034034
13309,0.091,0.294294,0.034034
13311,0.095,0.30723,0.03553
13313,0.125,0.40425,0.04675
13315,0.116,0.375144,0.043384
13317,0.117,0.378378,0.043758
13319,0.107,0.346038,0.040018
13321,0.108,0.349272,0.040392
15001,0.108,0.349272,0.040392
15003,0.063,0.203742,0.023562
15007,0.096,0.310464,0.035904
15009,0.097,0.313698,0.036278
16001,0.091,0.294294,0.034034
16003,0.121,0.391314,0.045254
16005,0.084,0.271656,0.031416
16007,0.052,0.168168,0.019448
16009,0.121,0.391314,0.045254
16011,0.059,0.190806,0.022066
16013,0.077,0.249018,0.028798
16015,0.071,0.229614,0.026554
16017,0.095,0.30723,0.03553
16019,0.059,0.190806,0.022066
16021,0.12,0.38808,0.04488
16023,0.045,0.14553,0.01683
16025,0.11,0.35574,0.04114
16027,0.106,0.342804,0.039644
16029,0.06,0.19404,0.02244
16031,0.059,0.190806,0.022066
16033,0.041,0.132594,0.015334
16035,0.118,0.381612,0.044132
16037,0.039,0.126126,0.014586
16039,0.077,0.249018,0.028798
16041,0.04,0.12936,0.01496
16043,0.066,0.213444,0.024684
16045,0.104,0.336336,0.038896
16047,0.055,0.17787,0.02057
16049,0.083,0.268422,0.031042
16051,0.068,0.219912,0.025432
16053,0.059,0.190806,0.022066
16055,0.087,0.281358,0.032538
16057,0.059,0.190806,0.022066
16059,0.065,0.21021,0.02431
16061,0.052,0.168168,0.019448
16063,0.097,0.313698,0.036278
16065,0.055,0.17787,0.02057
16067,0.06,0.19404,0.02244
16069,0.055,0.17787,0.02057
16071,0.05,0.1617,0.0187
16073,0.041,0.132594,0.015334
16075,0.077,0.249018,0.028798
16077,0.067,0.216678,0.025058
16079,0.119,0.384846,0.044506
16081,0.051,0.164934,0.019074
16083,0.068,0.219912,0.025432
16085,0.114,0.368676,0.042636
16087,0.084,0.271656,0.031416
17001,0.079,0.255486,0.029546
17003,0.112,0.362208,0.041888
17005,0.093,0.300762,0.034782
17007,0.138,0.446292,0.051612
17009,0.045,0.14553,0.01683
17011,0.109,0.352506,0.040766
17013,0.095,0.30723,0.03553
17015,0.105,0.33957,0.03927
17017,0.073,0.236082,0.027302
17019,0.082,0.265188,0.030668
17021,0.099,0.320166,0.037026
17023,0.131,0.423654,0.048994
17025,0.114,0.368676,0.042636
17027,0.079,0.255486,0.029546
17029,0.091,0.294294,0.034034
17031,0.106,0.342804,0.039644
17033,0.105,0.33957,0.03927
17035,0.097,0.313698,0.036278
17037,0.092,0.297528,0.034408
17039,0.092,0.297528,0.034408
17041,0.091,0.294294,0.034034
17043,0.086,0.278124,0.032164
17045,0.107,0.346038,0.040018
17047,0.091,0.294294,0.034034
17049,0.079,0.255486,0.029546
17051,0.116,0.375144,0.043384
17053,0.104,0.336336,0.038896
17055,0.146,0.472164,0.054604
17057,0.125,0.40425,0.04675
17059,0.11,0.35574,0.04114
17061,0.092,0.297528,0.034408
17063,0.114,0.368676,0.042636
17065,0.093,0.300762,0.034782
17067,0.113,0.365442,0.042262
17069,0.128,0.413952,0.047872
17071,0.094,0.303996,0.035156
17073,0.086,0.278124,0.032164
17075,0.1,0.3234,0.0374
17077,0.073,0.236082,0.027302
17079,0.095,0.30723,0.03553
17081,0.1,0.3234,0.0374
17083,0.088,0.284592,0.032912
17085,0.081,0.261954,0.030294
17087,0.104,0.336336,0.038896
17089,0.099,0.320166,0.037026
17091,0.128,0.413952,0.047872
17093,0.104,0.336336,0.038896
17095,0.103,0.333102,0.038522
17097,0.1,0.3234,0.0374
17099,0.124,0.401016,0.046376
17101,0.103,0.333102,0.038522
17103,0.109,0.352506,0.040766
17105,0.107,0.346038,0.040018
17107,0.095,0.30723,0.03553
17109,0.077,0.249018,0.028798
17111,0.093,0.300762,0.034782
17113,0.074,0.239316,0.027676
17115,0.124,0.401016,0.046376
17117,0.105,0.33957,0.03927
17119,0.097,0.313698,0.036278
17121,0.119,0.384846,0.044506
17123,0.106,0.342804,0.039644
17125,0.143,0.462462,0.053482
17127,0.08,0.25872,0.02992
17129,0.078,0.252252,0.029172
17131,0.089,0.287826,0.033286
17133,0.078,0.252252,0.029172
17135,0.122,0.394548,0.045628
17137,0.084,0.271656,0.031416
17139,0.09,0.29106,0.03366
17141,0.119,0.384846,0.044506
17143,0.116,0.375144,0.043384
17145,0.119,0.384846,0.044506
17147,0.082,0.265188,0.030668
17149,0.081,0.261954,0.030294
17151,0.106,0.342804,0.039644
17153,0.119,0.384846,0.044506
17155,0.15,0.4851,0.0561
17157,0.094,0.303996,0.035156
17159,0.105,0.33957,0.03927
17161,0.095,0.30723,0.03553
17163,0.108,0.349272,0.040392
17165,0.112,0.362208,0.041888
17167,0.079,0.255486,0.029546
17169,0.066,0.213444,0.024684
17171,0.075,0.24255,0.02805
17173,0.1,0.3234,0.0374
17175,0.098,0.316932,0.036652
17177,0.116,0.375144,0.043384
17179,0.113,0.365442,0.042262
17181,0.108,0.349272,0.040392
17183,0.12,0.38808,0.04488
17185,0.103,0.333102,0.038522
17187,0.08,0.25872,0.02992
17189,0.08,0.25872,0.02992
17191,0.097,0.313698,0.036278
17193,0.086,0.278124,0.032164
17195,0.106,0.342804,0.039644
17197,0.099,0.320166,0.037026
17199,0.096,0.310464,0.035904
17201,0.155,0.50127,0.05797
17203,0.086,0.278124,0.032164
18001,0.134,0.433356,0.050116
18003,0.093,0.300762,0.034782
18005,0.088,0.284592,0.032912
18007,0.09,0.29106,0.03366
18009,0.133,0.430122,0.049742
18011,0.068,0.219912,0.025432
18013,0.078,0.252252,0.029172
18015,0.099,0.320166,0.037026
18017,0.105,0.33957,0.03927
18019,0.082,0.265188,0.030668
18021,0.096,0.310464,0.035904
18023,0.092,0.297528,0.034408
18025,0.105,0.33957,0.03927
18027,0.049,0.158466,0.018326
18029,0.089,0.287826,0.033286
18031,0.11,0.35574,0.04114
18033,0.124,0.401016,0.046376
18035,0.095,0.30723,0.03553
18037,0.08,0.25872,0.02992
18039,0.15,0.4851,0.0561
18041,0.134,0.433356,0.050116
18043,0.074,0.239316,0.027676
18045,0.116,0.375144,0.043384
18047,0.089,0.287826,0.033286
18049,0.112,0.362208,0.041888
18051,0.067,0.216678,0.025058
18053,0.111,0.358974,0.041514
18055,0.071,0.229614,0.026554
18057,0.061,0.197274,0.022814
18059,0.078,0.252252,0.029172
18061,0.078,0.252252,0.029172
18063,0.068,0.219912,0.025432
18065,0.12,0.38808,0.04488
18067,0.119,0.384846,0.044506
18069,0.111,0.358974,0.041514
18071,0.101,0.326634,0.037774
18073,0.087,0.281358,0.032538
18075,0.104,0.336336,0.038896
18077,0.095,0.30723,0.03553
18079,0.122,0.394548,0.045628
18081,0.074,0.239316,0.027676
18083,0.066,0.213444,0.024684
18085,0.11,0.35574,0.04114
18087,0.14,0.45276,0.05236
18089,0.094,0.303996,0.035156
18091,0.107,0.346038,0.040018
18093,0.111,0.358974,0.041514
18095,0.097,0.313698,0.036278
18097,0.084,0.271656,0.031416
18099,0.114,0.368676,0.042636
18101,0.063,0.203742,0.023562
18103,0.123,0.397782,0.046002
18105,0.056,0.181104,0.020944
18107,0.097,0.313698,0.036278
18109,0.075,0.24255,0.02805
18111,0.089,0.287826,0.033286
18113,0.145,0.46893,0.05423
18115,0.105,0.33957,0.03927
18117,0.092,0.297528,0.034408
18119,0.081,0.261954,0.030294
18121,0.083,0.268422,0.031042
18123,0.088,0.284592,0.032912
18125,0.087,0.281358,0.032538
18127,0.082,0.265188,0.030668
18129,0.07,0.22638,0.02618
18131,0.095,0.30723,0.03553
18133,0.082,0.265188,0.030668
18135,0.102,0.329868,0.038148
18137,0.091,0.294294,0.034034
18139,0.095,0.30723,0.03553
18141,0.104,0.336336,0.038896
18143,0.121,0.391314,0.045254
18145,0.088,0.284592,0.032912
18147,0.081,0.261954,0.030294
18149,0.126,0.407484,0.047124
18151,0.129,0.417186,0.048246
18153,0.093,0.300762,0.034782
18155,0.07,0.22638,0.02618
18157,0.085,0.27489,0.03179
18159,0.103,0.333102,0.038522
18161,0.086,0.278124,0.032164
18163,0.074,0.239316,0.027676
18165,0.108,0.349272,0.040392
18167,0.092,0.297528,0.034408
18169,0.12,0.38808,0.04488
18171,0.101,0.326634,0.037774
18173,0.069,0.223146,0.025806
18175,0.112,0.362208,0.041888
18177,0.109,0.352506,0.040766
18179,0.091,0.294294,0.034034
18181,0.094,0.303996,0.035156
18183,0.116,0.375144,0.043384
19001,0.051,0.164934,0.019074
19003,0.06,0.19404,0.02244
19005,0.093,0.300762,0.034782
19007,0.094,0.303996,0.035156
19009,0.051,0.164934,0.019074
19011,0.058,0.187572,0.021692
19013,0.058,0.187572,0.021692
19015,0.059,0.190806,0.022066
19017,0.05,0.1617,0.0187
19019,0.059,0.190806,0.022066
19021,0.055,0.17787,0.02057
19023,0.06,0.19404,0.02244
19025,0.054,0.174636,0.020196
19027,0.042,0.135828,0.015708
19029,0.058,0.187572,0.021692
19031,0.057,0.184338,0.021318
19033,0.067,0.216678,0.025058
19035,0.044,0.142296,0.016456
19037,0.084,0.271656,0.031416
19039,0.074,0.239316,0.027676
19041,0.062,0.200508,0.023188
19043,0.079,0.255486,0.029546
19045,0.077,0.249018,0.028798
19047,0.047,0.151998,0.017578
19049,0.051,0.164934,0.019074
19051,0.101,0.326634,0.037774
19053,0.066,0.213444,0.024684
19055,0.068,0.219912,0.025432
19057,0.082,0.265188,0.030668
19059,0.058,0.187572,0.021692
19061,0.06,0.19404,0.02244
19063,0.086,0.278124,0.032164
19065,0.085,0.27489,0.03179
19067,0.087,0.281358,0.032538
19069,0.07,0.22638,0.02618
19071,0.07,0.22638,0.02618
19073,0.063,0.203742,0.023562
19075,0.049,0.158466,0.018326
19077,0.056,0.181104,0.020944
19079,0.081,0.261954,0.030294
19081,0.09,0.29106,0.03366
19083,0.06,0.19404,0.02244
19085,0.044,0.142296,0.016456
19087,0.088,0.284592,0.032912
19089,0.086,0.278124,0.032164
19091,0.062,0.200508,0.023188
19093,0.058,0.187572,0.021692
19095,0.058,0.187572,0.021692
19097,0.077,0.249018,0.028798
19099,0.081,0.261954,0.030294
19101,0.087,0.281358,0.032538
19103,0.044,0.142296,0.016456
19105,0.063,0.203742,0.023562
19107,0.071,0.229614,0.026554
19109,0.056,0.181104,0.020944
19111,0.114,0.368676,0.042636
19113,0.065,0.21021,0.02431
19115,0.08,0.25872,0.02992
19117,0.06,0.19404,0.02244
19119,0.043,0.139062,0.016082
19121,0.058,0.187572,0.021692
19123,0.077,0.249018,0.028798
19125,0.057,0.184338,0.021318
19127,0.07,0.22638,0.02618
19129,0.043,0.139062,0.016082
19131,0.054,0.174636,0.020196
19133,0.071,0.229614,0.026554
19135,0.075,0.24255,0.02805
19137,0.087,0.281358,0.032538
19139,0.089,0.287826,0.033286
19141,0.053,0.171402,0.019822
19143,0.054,0.174636,0.020196
19145,0.087,0.281358,0.032538
19147,0.07,0.22638,0.02618
19149,0.047,0.151998,0.017578
19151,0.052,0.168168,0.019448
19153,0.062,0.200508,0.023188
19155,0.048,0.155232,0.017952
19157,0.066,0.213444,0.024684
19159,0.053,0.171402,0.019822
19161,0.047,0.151998,0.017578
19163,0.073,0.236082,0.027302
19165,0.039,0.126126,0.014586
19167,0.041,0.132594,0.015334
19169,0.045,0.14553,0.01683
19171,0.066,0.213444,0.024684
19173,0.067,0.216678,0.025058
19175,0.06,0.19404,0.02244
19177,0.08,0.25872,0.02992
19179,0.094,0.303996,0.035156
19181,0.058,0.187572,0.021692
19183,0.049,0.158466,0.018326
19185,0.064,0.206976,0.023936
19187,0.083,0.268422,0.031042
19189,0.091,0.294294,0.034034
19191,0.058,0.187572,0.021692
19193,0.057,0.184338,0.021318
19195,0.063,0.203742,0.023562
19197,0.084,0.271656,0.031416
20001,0.078,0.252252,0.029172
20003,0.079,0.255486,0.029546
20005,0.081,0.261954,0.030294
20007,0.051,0.164934,0.019074
20009,0.061,0.197274,0.022814
20011,0.065,0.21021,0.02431
20013,0.056,0.181104,0.020944
20015,0.072,0.232848,0.026928
20017,0.054,0.174636,0.020196
20019,0.084,0.271656,0.031416
20021,0.085,0.27489,0.03179
20023,0.037,0.119658,0.013838
20025,0.037,0.119658,0.013838
20027,0.042,0.135828,0.015708
20029,0.045,0.14553,0.01683
20031,0.057,0.184338,0.021318
20033,0.038,0.122892,0.014212
20035,0.076,0.245784,0.028424
20037,0.081,0.261954,0.030294
20039,0.033,0.106722,0.012342
20041,0.051,0.164934,0.019074
20043,0.088,0.284592,0.032912
20045,0.054,0.174636,0.020196
20047,0.044,0.142296,0.016456
20049,0.11,0.35574,0.04114
20051,0.036,0.116424,0.013464
20053,0.041,0.132594,0.015334
20055,0.043,0.139062,0.016082
20057,0.038,0.122892,0.014212
20059,0.071,0.229614,0.026554
20061,0.069,0.223146,0.025806
20063,0.035,0.11319,0.01309
20065,0.043,0.139062,0.016082
20067,0.042,0.135828,0.015708
20069,0.034,0.109956,0.012716
20071,0.045,0.14553,0.01683
20073,0.072,0.232848,0.026928
20075,0.042,0.135828,0.015708
20077,0.056,0.181104,0.020944
20079,0.074,0.239316,0.027676
20081,0.037,0.119658,0.013838
20083,0.042,0.135828,0.015708
20085,0.06,0.19404,0.02244
20087,0.067,0.216678,0.025058
20089,0.049,0.158466,0.018326
20091,0.068,0.219912,0.025432
20093,0.045,0.14553,0.01683
20095,0.063,0.203742,0.023562
20097,0.049,0.158466,0.018326
20099,0.078,0.252252,0.029172
20101,0.034,0.109956,0.012716
20103,0.073,0.236082,0.027302
20105,0.063,0.203742,0.023562
20107,0.084,0.271656,0.031416
20109,0.04,0.12936,0.01496
20111,0.057,0.184338,0.021318
20113,0.051,0.164934,0.019074
20115,0.063,0.203742,0.023562
20117,0.049,0.158466,0.018326
20119,0.042,0.135828,0.015708
20121,0.068,0.219912,0.025432
20123,0.058,0.187572,0.021692
20125,0.094,0.303996,0.035156
20127,0.068,0.219912,0.025432
20129,0.047,0.151998,0.017578
20131,0.043,0.139062,0.016082
20133,0.07,0.22638,0.02618
20135,0.04,0.12936,0.01496
20137,0.047,0.151998,0.017578
20139,0.07,0.22638,0.02618
20141,0.044,0.142296,0.016456
20143,0.065,0.21021,0.02431
20145,0.037,0.119658,0.013838
20147,0.06,0.19404,0.02244
20149,0.041,0.132594,0.015334
20151,0.053,0.171402,0.019822
20153,0.035,0.11319,0.01309
20155,0.063,0.203742,0.023562
20157,0.041,0.132594,0.015334
20159,0.051,0.164934,0.019074
20161,0.032,0.103488,0.011968
20163,0.073,0.236082,0.027302
20165,0.059,0.190806,0.022066
20167,0.046,0.148764,0.017204
20169,0.057,0.184338,0.021318
20171,0.032,0.103488,0.011968
20173,0.088,0.284592,0.032912
20175,0.051,0.164934,0.019074
20177,0.064,0.206976,0.023936
20179,0.032,0.103488,0.011968
20181,0.039,0.126126,0.014586
20183,0.043,0.139062,0.016082
20185,0.061,0.197274,0.022814
20187,0.034,0.109956,0.012716
20189,0.053,0.171402,0.019822
20191,0.09,0.29106,0.03366
20193,0.036,0.116424,0.013464
20195,0.036,0.116424,0.013464
20197,0.066,0.213444,0.024684
20199,0.059,0.190806,0.022066
20201,0.045,0.14553,0.01683
20203,0.035,0.11319,0.01309
20205,0.102,0.329868,0.038148
20207,0.089,0.287826,0.033286
20209,0.104,0.336336,0.038896
21001,0.101,0.326634,0.037774
21003,0.143,0.462462,0.053482
21005,0.109,0.352506,0.040766
21007,0.102,0.329868,0.038148
21009,0.116,0.375144,0.043384
21011,0.133,0.430122,0.049742
21013,0.125,0.40425,0.04675
21015,0.092,0.297528,0.034408
21017,0.091,0.294294,0.034034
21019,0.083,0.268422,0.031042
21021,0.11,0.35574,0.04114
21023,0.102,0.329868,0.038148
21025,0.1,0.3234,0.0374
21027,0.121,0.391314,0.045254
21029,0.108,0.349272,0.040392
21031,0.137,0.443058,0.051238
21033,0.109,0.352506,0.040766
21035,0.08,0.25872,0.02992
21037,0.107,0.346038,0.040018
21039,0.091,0.294294,0.034034
21041,0.124,0.401016,0.046376
21043,0.135,0.43659,0.05049
21045,0.102,0.329868,0.038148
21047,0.129,0.417186,0.048246
21049,0.114,0.368676,0.042636
21051,0.135,0.43659,0.05049
21053,0.09,0.29106,0.03366
21055,0.108,0.349272,0.040392
21057,0.13,0.42042,0.04862
21059,0.091,0.294294,0.034034
21061,0.128,0.413952,0.047872
21063,0.126,0.407484,0.047124
21065,0.129,0.417186,0.048246
21067,0.077,0.249018,0.028798
21069,0.122,0.394548,0.045628
21071,0.124,0.401016,0.046376
21073,0.091,0.294294,0.034034
21075,0.144,0.465696,0.053856
21077,0.111,0.358974,0.041514
21079,0.119,0.384846,0.044506
21081,0.101,0.326634,0.037774
21083,0.103,0.333102,0.038522
21085,0.164,0.530376,0.061336
21087,0.124,0.401016,0.046376
21089,0.098,0.316932,0.036652
21091,0.136,0.439824,0.050864
21093,0.1,0.3234,0.0374
21095,0.125,0.40425,0.04675
21097,0.111,0.358974,0.041514
21099,0.106,0.342804,0.039644
21101,0.098,0.316932,0.036652
21103,0.107,0.346038,0.040018
21105,0.092,0.297528,0.034408
21107,0.091,0.294294,0.034034
21109,0.175,0.56595,0.06545
21111,0.105,0.33957,0.03927
21113,0.088,0.284592,0.032912
21115,0.111,0.358974,0.041514
21117,0.1,0.3234,0.0374
21119,0.12,0.38808,0.04488
21121,0.115,0.37191,0.04301
21123,0.107,0.346038,0.040018
21125,0.101,0.326634,0.037774
21127,0.131,0.423654,0.048994
21129,0.123,0.397782,0.046002
21131,0.137,0.443058,0.051238
21133,0.12,0.38808,0.04488
21135,0.151,0.488334,0.056474
21137,0.121,0.391314,0.045254
21139,0.098,0.316932,0.036652
21141,0.104,0.336336,0.038896
21143,0.122,0.394548,0.045628
21145,0.091,0.294294,0.034034
21147,0.133,0.430122,0.049742
21149,0.106,0.342804,0.039644
21151,0.087,0.281358,0.032538
21153,0.214,0.692076,0.080036
21155,0.129,0.417186,0.048246
21157,0.107,0.346038,0.040018
21159,0.124,0.401016,0.046376
21161,0.111,0.358974,0.041514
21163,0.124,0.401016,0.046376
21165,0.147,0.475398,0.054978
21167,0.108,0.349272,0.040392
21169,0.158,0.510972,0.059092
21171,0.14,0.45276,0.05236
21173,0.126,0.407484,0.047124
21175,0.145,0.46893,0.05423
21177,0.107,0.346038,0.040018
21179,0.115,0.37191,0.04301
21181,0.125,0.40425,0.04675
21183,0.094,0.303996,0.035156
21185,0.086,0.278124,0.032164
21187,0.101,0.326634,0.037774
21189,0.112,0.362208,0.041888
21191,0.117,0.378378,0.043758
21193,0.125,0.40425,0.04675
21195,0.107,0.346038,0.040018
21197,0.167,0.540078,0.062458
21199,0.1,0.3234,0.0374
21201,0.096,0.310464,0.035904
21203,0.128,0.413952,0.047872
21205,0.086,0.278124,0.032164
21207,0.108,0.349272,0.040392
21209,0.091,0.294294,0.034034
21211,0.096,0.310464,0.035904
21213,0.118,0.381612,0.044132
21215,0.102,0.329868,0.038148
21217,0.102,0.329868,0.038148
21219,0.126,0.407484,0.047124
21221,0.16,0.51744,0.05984
21223,0.107,0.346038,0.040018
21225,0.108,0.349272,0.040392
21227,0.092,0.297528,0.034408
21229,0.127,0.410718,0.047498
21231,0.136,0.439824,0.050864
21233,0.088,0.284592,0.032912
21235,0.114,0.368676,0.042636
21237,0.139,0.449526,0.051986
21239,0.083,0.268422,0.031042
22001,0.071,0.229614,0.026554
22003,0.101,0.326634,0.037774
22005,0.067,0.216678,0.025058
22007,0.088,0.284592,0.032912
22009,0.081,0.261954,0.030294
22011,0.08,0.25872,0.02992
22013,0.105,0.33957,0.03927
22015,0.064,0.206976,0.023936
22017,0.079,0.255486,0.029546
22019,0.072,0.232848,0.026928
22021,0.107,0.346038,0.040018
22023,0.056,0.181104,0.020944
22025,0.103,0.333102,0.038522
22027,0.103,0.333102,0.038522
22029,0.113,0.365442,0.042262
22031,0.09,0.29106,0.03366
22033,0.068,0.219912,0.025432
22035,0.142,0.459228,0.053108
22037,0.08,0.25872,0.02992
22039,0.086,0.278124,0.032164
22041,0.113,0.365442,0.042262
22043,0.082,0.265188,0.030668
22045,0.076,0.245784,0.028424
22047,0.104,0.336336,0.038896
22049,0.078,0.252252,0.029172
22051,0.065,0.21021,0.02431
22053,0.064,0.206976,0.023936
22055,0.059,0.190806,0.022066
22057,0.049,0.158466,0.018326
22059,0.073,0.236082,0.027302
22061,0.078,0.252252,0.029172
22063,0.07,0.22638,0.02618
22065,0.093,0.300762,0.034782
22067,0.151,0.488334,0.056474
22069,0.084,0.271656,0.031416
22071,0.107,0.346038,0.040018
22073,0.076,0.245784,0.028424
22075,0.062,0.200508,0.023188
22077,0.079,0.255486,0.029546
22079,0.069,0.223146,0.025806
22081,0.096,0.310464,0.035904
22083,0.107,0.346038,0.040018
22085,0.081,0.261954,0.030294
22087,0.105,0.33957,0.03927
22089,0.065,0.21021,0.02431
22091,0.118,0.381612,0.044132
22093,0.1,0.3234,0.0374
22095,0.084,0.271656,0.031416
22097,0.083,0.268422,0.031042
22099,0.075,0.24255,0.02805
22101,0.086,0.278124,0.032164
22103,0.052,0.168168,0.019448
22105,0.081,0.261954,0.030294
22107,0.135,0.43659,0.05049
22109,0.052,0.168168,0.019448
22111,0.122,0.394548,0.045628
22113,0.072,0.232848,0.026928
22115,0.067,0.216678,0.025058
22117,0.096,0.310464,0.035904
22119,0.091,0.294294,0.034034
22121,0.074,0.239316,0.027676
22123,0.17,0.54978,0.06358
22125,0.082,0.265188,0.030668
22127,0.091,0.294294,0.034034
23001,0.084,0.271656,0.031416
23003,0.093,0.300762,0.034782
23005,0.065,0.21021,0.02431
23007,0.112,0.362208,0.041888
23009,0.068,0.219912,0.025432
23011,0.073,0.236082,0.027302
23013,0.07,0.22638,0.02618
23015,0.063,0.203742,0.023562
23017,0.109,0.352506,0.040766
23019,0.08,0.25872,0.02992
23021,0.116,0.375144,0.043384
23023,0.067,0.216678,0.025058
23025,0.107,0.346038,0.040018
23027,0.078,0.252252,0.029172
23029,0.104,0.336336,0.038896
23031,0.074,0.239316,0.027676
24001,0.075,0.24255,0.02805
24003,0.065,0.21021,0.02431
24005,0.077,0.249018,0.028798
24009,0.059,0.190806,0.022066
24011,0.088,0.284592,0.032912
24013,0.06,0.19404,0.02244
24015,0.086,0.278124,0.032164
24017,0.059,0.190806,0.022066
24019,0.109,0.352506,0.040766
24021,0.059,0.190806,0.022066
24023,0.069,0.223146,0.025806
24025,0.071,0.229614,0.026554
24027,0.054,0.174636,0.020196
24029,0.071,0.229614,0.026554
24031,0.053,0.171402,0.019822
24033,0.073,0.236082,0.027302
24035,0.066,0.213444,0.024684
24037,0.056,0.181104,0.020944
24039,0.095,0.30723,0.03553
24041,0.068,0.219912,0.025432
24043,0.094,0.303996,0.035156
24045,0.077,0.249018,0.028798
24047,0.075,0.24255,0.02805
24510,0.106,0.342804,0.039644
25001,0.08,0.25872,0.02992
25003,0.084,0.271656,0.031416
25005,0.118,0.381612,0.044132
25007,0.05,0.1617,0.0187
25009,0.101,0.326634,0.037774
25011,0.087,0.281358,0.032538
25013,0.105,0.33957,0.03927
25015,0.073,0.236082,0.027302
25017,0.081,0.261954,0.030294
25019,0.05,0.1617,0.0187
25021,0.085,0.27489,0.03179
25023,0.097,0.313698,0.036278
25025,0.093,0.300762,0.034782
25027,0.101,0.326634,0.037774
26001,0.167,0.540078,0.062458
26003,0.12,0.38808,0.04488
26005,0.132,0.426888,0.049368
26007,0.139,0.449526,0.051986
26009,0.147,0.475398,0.054978
26011,0.158,0.510972,0.059092
26013,0.243,0.785862,0.090882
26015,0.105,0.33957,0.03927
26017,0.123,0.397782,0.046002
26019,0.12,0.38808,0.04488
26021,0.135,0.43659,0.05049
26023,0.14,0.45276,0.05236
26025,0.124,0.401016,0.046376
26027,0.114,0.368676,0.042636
26029,0.139,0.449526,0.051986
26031,0.086,0.278124,0.032164
26033,0.116,0.375144,0.043384
26035,0.168,0.543312,0.062832
26037,0.094,0.303996,0.035156
26039,0.137,0.443058,0.051238
26041,0.115,0.37191,0.04301
26043,0.12,0.38808,0.04488
26045,0.103,0.333102,0.038522
26047,0.122,0.394548,0.045628
26049,0.158,0.510972,0.059092
26051,0.165,0.53361,0.06171
26053,0.133,0.430122,0.049742
26055,0.12,0.38808,0.04488
26057,0.137,0.443058,0.051238
26059,0.172,0.556248,0.064328
26061,0.102,0.329868,0.038148
26063,0.148,0.478632,0.055352
26065,0.116,0.375144,0.043384
26067,0.134,0.433356,0.050116
26069,0.164,0.530376,0.061336
26071,0.117,0.378378,0.043758
26073,0.085,0.27489,0.03179
26075,0.149,0.481866,0.055726
26077,0.112,0.362208,0.041888
26079,0.143,0.462462,0.053482
26081,0.117,0.378378,0.043758
26083,0.119,0.384846,0.044506
26085,0.175,0.56595,0.06545
26087,0.181,0.585354,0.067694
26089,0.09,0.29106,0.03366
26091,0.161,0.520674,0.060214
26093,0.136,0.439824,0.050864
26095,0.132,0.426888,0.049368
26097,0.061,0.197274,0.022814
26099,0.181,0.585354,0.067694
26101,0.126,0.407484,0.047124
26103,0.101,0.326634,0.037774
26105,0.129,0.417186,0.048246
26107,0.13,0.42042,0.04862
26109,0.125,0.40425,0.04675
26111,0.102,0.329868,0.038148
26113,0.15,0.4851,0.0561
26115,0.142,0.459228,0.053108
26117,0.176,0.569184,0.065824
26119,0.189,0.611226,0.070686
26121,0.16,0.51744,0.05984
26123,0.138,0.446292,0.051612
26125,0.156,0.504504,0.058344
26127,0.152,0.491568,0.056848
26129,0.127,0.410718,0.047498
26131,0.138,0.446292,0.051612
26133,0.153,0.494802,0.057222
26135,0.191,0.617694,0.071434
26137,0.147,0.475398,0.054978
26139,0.128,0.413952,0.047872
26141,0.16,0.51744,0.05984
26143,0.146,0.472164,0.054604
26145,0.129,0.417186,0.048246
26147,0.19,0.61446,0.07106
26149,0.139,0.449526,0.051986
26151,0.178,0.575652,0.066572
26153,0.127,0.410718,0.047498
26155,0.152,0.491568,0.056848
26157,0.163,0.527142,0.060962
26159,0.132,0.426888,0.049368
26161,0.093,0.300762,0.034782
26163,0.183,0.591822,0.068442
26165,0.183,0.591822,0.068442
27001,0.081,0.261954,0.030294
27003,0.079,0.255486,0.029546
27005,0.064,0.206976,0.023936
27007,0.072,0.232848,0.026928
27009,0.07,0.22638,0.02618
27011,0.045,0.14553,0.01683
27013,0.063,0.203742,0.023562
27015,0.055,0.17787,0.02057
27017,0.073,0.236082,0.027302
27019,0.07,0.22638,0.02618
27021,0.079,0.255486,0.029546
27023,0.061,0.197274,0.022814
27025,0.084,0.271656,0.031416
27027,0.036,0.116424,0.013464
27029,0.091,0.294294,0.034034
27031,0.047,0.151998,0.017578
27033,0.052,0.168168,0.019448
27035,0.074,0.239316,0.027676
27037,0.069,0.223146,0.025806
27039,0.061,0.197274,0.022814
27041,0.056,0.181104,0.020944
27043,0.076,0.245784,0.028424
27045,0.07,0.22638,0.02618
27047,0.076,0.245784,0.028424
27049,0.067,0.216678,0.025058
27051,0.068,0.219912,0.025432
27053,0.073,0.236082,0.027302
27055,0.071,0.229614,0.026554
27057,0.073,0.236082,0.027302
27059,0.083,0.268422,0.031042
27061,0.092,0.297528,0.034408
27063,0.047,0.151998,0.017578
27065,0.103,0.333102,0.038522
27067,0.055,0.17787,0.02057
27069,0.052,0.168168,0.019448
27071,0.073,0.236082,0.027302
27073,0.054,0.174636,0.020196
27075,0.075,0.24255,0.02805
27077,0.069,0.223146,0.025806
27079,0.086,0.278124,0.032164
27081,0.045,0.14553,0.01683
27083,0.049,0.158466,0.018326
27085,0.08,0.25872,0.02992
27087,0.06,0.19404,0.02244
27089,0.062,0.200508,0.023188
27091,0.069,0.223146,0.025806
27093,0.078,0.252252,0.029172
27095,0.105,0.33957,0.03927
27097,0.09,0.29106,0.03366
27099,0.055,0.17787,0.02057
27101,0.039,0.126126,0.014586
27103,0.061,0.197274,0.022814
27105,0.045,0.14553,0.01683
27107,0.051,0.164934,0.019074
27109,0.055,0.17787,0.02057
27111,0.063,0.203742,0.023562
27113,0.056,0.181104,0.020944
27115,0.091,0.294294,0.034034
27117,0.053,0.171402,0.019822
27119,0.044,0.142296,0.016456
27121,0.064,0.206976,0.023936
27123,0.074,0.239316,0.027676
27125,0.067,0.216678,0.025058
27127,0.061,0.197274,0.022814
27129,0.064,0.206976,0.023936
27131,0.075,0.24255,0.02805
27133,0.051,0.164934,0.019074
27135,0.05,0.1617,0.0187
27137,0.082,0.265188,0.030668
27139,0.068,0.219912,0.025432
27141,0.081,0.261954,0.030294
27143,0.065,0.21021,0.02431
27145,0.068,0.219912,0.025432
27147,0.077,0.249018,0.028798
27149,0.043,0.139062,0.016082
27151,0.066,0.213444,0.024684
27153,0.075,0.24255,0.02805
27155,0.062,0.200508,0.023188
27157,0.071,0.229614,0.026554
27159,0.088,0.284592,0.032912
27161,0.07,0.22638,0.02618
27163,0.068,0.219912,0.025432
27165,0.075,0.24255,0.02805
27167,0.047,0.151998,0.017578
27169,0.07,0.22638,0.02618
27171,0.082,0.265188,0.030668
27173,0.051,0.164934,0.019074
28001,0.08,0.25872,0.02992
28003,0.113,0.365442,0.042262
28005,0.086,0.278124,0.032164
28007,0.118,0.381612,0.044132
28009,0.126,0.407484,0.047124
28011,0.09,0.29106,0.03366
28013,0.097,0.313698,0.036278
28015,0.098,0.316932,0.036652
28017,0.132,0.426888,0.049368
28019,0.113,0.365442,0.042262
28021,0.15,0.4851,0.0561
28023,0.1,0.3234,0.0374
28025,0.178,0.575652,0.066572
28027,0.111,0.358974,0.041514
28029,0.099,0.320166,0.037026
28031,0.077,0.249018,0.028798
28033,0.072,0.232848,0.026928
28035,0.077,0.249018,0.028798
28037,0.09,0.29106,0.03366
28039,0.1,0.3234,0.0374
28041,0.099,0.320166,0.037026
28043,0.11,0.35574,0.04114
28045,0.075,0.24255,0.02805
28047,0.072,0.232848,0.026928
28049,0.079,0.255486,0.029546
28051,0.166,0.536844,0.062084
28053,0.102,0.329868,0.038148
28055,0.092,0.297528,0.034408
28057,0.096,0.310464,0.035904
28059,0.08,0.25872,0.02992
28061,0.102,0.329868,0.038148
28063,0.155,0.50127,0.05797
28065,0.106,0.342804,0.039644
28067,0.071,0.229614,0.026554
28069,0.103,0.333102,0.038522
28071,0.069,0.223146,0.025806
28073,0.066,0.213444,0.024684
28075,0.087,0.281358,0.032538
28077,0.102,0.329868,0.038148
28079,0.087,0.281358,0.032538
28081,0.098,0.316932,0.036652
28083,0.116,0.375144,0.043384
28085,0.088,0.284592,0.032912
28087,0.102,0.329868,0.038148
28089,0.063,0.203742,0.023562
28091,0.101,0.326634,0.037774
28093,0.112,0.362208,0.041888
28095,0.137,0.443058,0.051238
28097,0.127,0.410718,0.047498
28099,0.084,0.271656,0.031416
28101,0.079,0.255486,0.029546
28103,0.176,0.569184,0.065824
28105,0.08,0.25872,0.02992
28107,0.119,0.384846,0.044506
28109,0.083,0.268422,0.031042
28111,0.104,0.336336,0.038896
28113,0.098,0.316932,0.036652
28115,0.087,0.281358,0.032538
28117,0.115,0.37191,0.04301
28119,0.111,0.358974,0.041514
28121,0.056,0.181104,0.020944
28123,0.059,0.190806,0.022066
28125,0.09,0.29106,0.03366
28127,0.082,0.265188,0.030668
28129,0.082,0.265188,0.030668
28131,0.072,0.232848,0.026928
28133,0.118,0.381612,0.044132
28135,0.099,0.320166,0.037026
28137,0.103,0.333102,0.038522
28139,0.125,0.40425,0.04675
28141,0.101,0.326634,0.037774
28143,0.13,0.42042,0.04862
28145,0.088,0.284592,0.032912
28147,0.103,0.333102,0.038522
28149,0.091,0.294294,0.034034
28151,0.113,0.365442,0.042262
28153,0.094,0.303996,0.035156
28155,0.135,0.43659,0.05049
28157,0.101,0.326634,0.037774
28159,0.151,0.488334,0.056474
28161,0.129,0.417186,0.048246
28163,0.105,0.33957,0.03927
29001,0.065,0.21021,0.02431
29003,0.076,0.245784,0.028424
29005,0.079,0.255486,0.029546
29007,0.092,0.297528,0.034408
29009,0.081,0.261954,0.030294
29011,0.117,0.378378,0.043758
29013,0.108,0.349272,0.040392
29015,0.093,0.300762,0.034782
29017,0.088,0.284592,0.032912
29019,0.062,0.200508,0.023188
29021,0.087,0.281358,0.032538
29023,0.08,0.25872,0.02992
29025,0.086,0.278124,0.032164
29027,0.08,0.25872,0.02992
29029,0.079,0.255486,0.029546
29031,0.069,0.223146,0.025806
29033,0.098,0.316932,0.036652
29035,0.087,0.281358,0.032538
29037,0.097,0.313698,0.036278
29039,0.086,0.278124,0.032164
29041,0.105,0.33957,0.03927
29043,0.08,0.25872,0.02992
29045,0.113,0.365442,0.042262
29047,0.086,0.278124,0.032164
29049,0.087,0.281358,0.032538
29051,0.067,0.216678,0.025058
29053,0.084,0.271656,0.031416
29055,0.107,0.346038,0.040018
29057,0.101,0.326634,0.037774
29059,0.094,0.303996,0.035156
29061,0.087,0.281358,0.032538
29063,0.093,0.300762,0.034782
29065,0.094,0.303996,0.035156
29067,0.098,0.316932,0.036652
29069,0.111,0.358974,0.041514
29071,0.115,0.37191,0.04301
29073,0.108,0.349272,0.040392
29075,0.068,0.219912,0.025432
29077,0.083,0.268422,0.031042
29079,0.069,0.223146,0.025806
29081,0.078,0.252252,0.029172
29083,0.096,0.310464,0.035904
29085,0.123,0.397782,0.046002
29087,0.071,0.229614,0.026554
29089,0.083,0.268422,0.031042
29091,0.092,0.297528,0.034408
29093,0.087,0.281358,0.032538
29095,0.109,0.352506,0.040766
29097,0.084,0.271656,0.031416
29099,0.106,0.342804,0.039644
29101,0.08,0.25872,0.02992
29103,0.059,0.190806,0.022066
29105,0.11,0.35574,0.04114
29107,0.09,0.29106,0.03366
29109,0.078,0.252252,0.029172
29111,0.083,0.268422,0.031042
29113,0.113,0.365442,0.042262
29115,0.103,0.333102,0.038522
29117,0.078,0.252252,0.029172
29119,0.07,0.22638,0.02618
29121,0.079,0.255486,0.029546
29123,0.098,0.316932,0.036652
29125,0.087,0.281358,0.032538
29127,0.089,0.287826,0.033286
29129,0.079,0.255486,0.029546
29131,0.106,0.342804,0.039644
29133,0.097,0.313698,0.036278
29135,0.078,0.252252,0.029172
29137,0.11,0.35574,0.04114
29139,0.103,0.333102,0.038522
29141,0.113,0.365442,0.042262
29143,0.089,0.287826,0.033286
29145,0.079,0.255486,0.029546
29147,0.059,0.190806,0.022066
29149,0.09,0.29106,0.03366
29151,0.099,0.320166,0.037026
29153,0.076,0.245784,0.028424
29155,0.121,0.391314,0.045254
29157,0.072,0.232848,0.026928
29159,0.081,0.261954,0.030294
29161,0.071,0.229614,0.026554
29163,0.083,0.268422,0.031042
29165,0.08,0.25872,0.02992
29167,0.089,0.287826,0.033286
29169,0.068,0.219912,0.025432
29171,0.074,0.239316,0.027676
29173,0.08,0.25872,0.02992
29175,0.094,0.303996,0.035156
29177,0.083,0.268422,0.031042
29179,0.127,0.410718,0.047498
29181,0.095,0.30723,0.03553
29183,0.087,0.281358,0.032538
29185,0.103,0.333102,0.038522
29186,0.093,0.300762,0.034782
29187,0.109,0.352506,0.040766
29189,0.096,0.310464,0.035904
29195,0.079,0.255486,0.029546
29197,0.078,0.252252,0.029172
29199,0.122,0.394548,0.045628
29201,0.092,0.297528,0.034408
29203,0.096,0.310464,0.035904
29205,0.081,0.261954,0.030294
29207,0.09,0.29106,0.03366
29209,0.09,0.29106,0.03366
29211,0.064,0.206976,0.023936
29213,0.086,0.278124,0.032164
29215,0.088,0.284592,0.032912
29217,0.079,0.255486,0.029546
29219,0.112,0.362208,0.041888
29221,0.137,0.443058,0.051238
29223,0.095,0.30723,0.03553
29225,0.09,0.29106,0.03366
29227,0.084,0.271656,0.031416
29229,0.096,0.310464,0.035904
29510,0.111,0.358974,0.041514
30001,0.044,0.142296,0.016456
30003,0.102,0.329868,0.038148
30005,0.05,0.1617,0.0187
30007,0.062,0.200508,0.023188
30009,0.048,0.155232,0.017952
30011,0.039,0.126126,0.014586
30013,0.052,0.168168,0.019448
30015,0.042,0.135828,0.015708
30017,0.046,0.148764,0.017204
30019,0.042,0.135828,0.015708
30021,0.048,0.155232,0.017952
30023,0.065,0.21021,0.02431
30025,0.037,0.119658,0.013838
30027,0.047,0.151998,0.017578
30029,0.088,0.284592,0.032912
30031,0.055,0.17787,0.02057
30033,0.034,0.109956,0.012716
30035,0.072,0.232848,0.026928
30037,0.047,0.151998,0.017578
30039,0.082,0.265188,0.030668
30041,0.051,0.164934,0.019074
30043,0.058,0.187572,0.021692
30045,0.046,0.148764,0.017204
30047,0.083,0.268422,0.031042
30049,0.043,0.139062,0.016082
30051,0.047,0.151998,0.017578
30053,0.111,0.358974,0.041514
30055,0.032,0.103488,0.011968
30057,0.048,0.155232,0.017952
30059,0.078,0.252252,0.029172
30061,0.086,0.278124,0.032164
30063,0.056,0.181104,0.020944
30065,0.075,0.24255,0.02805
30067,0.061,0.197274,0.022814
30069,0.045,0.14553,0.01683
30071,0.048,0.155232,0.017952
30073,0.06,0.19404,0.02244
30075,0.04,0.12936,0.01496
30077,0.073,0.236082,0.027302
30079,0.031,0.100254,0.011594
30081,0.075,0.24255,0.02805
30083,0.046,0.148764,0.017204
30085,0.075,0.24255,0.02805
30087,0.073,0.236082,0.027302
30089,0.112,0.362208,0.041888
30091,0.043,0.139062,0.016082
30093,0.055,0.17787,0.02057
30095,0.052,0.168168,0.019448
30097,0.031,0.100254,0.011594
30099,0.04,0.12936,0.01496
30101,0.041,0.132594,0.015334
30103,0.051,0.164934,0.019074
30105,0.046,0.148764,0.017204
30107,0.043,0.139062,0.016082
30109,0.041,0.132594,0.015334
30111,0.047,0.151998,0.017578
31001,0.056,0.181104,0.020944
31003,0.036,0.116424,0.013464
31005,0.044,0.142296,0.016456
31007,0.035,0.11319,0.01309
31009,0.052,0.168168,0.019448
31011,0.039,0.126126,0.014586
31013,0.071,0.229614,0.026554
31015,0.036,0.116424,0.013464
31017,0.031,0.100254,0.011594
31019,0.035,0.11319,0.01309
31021,0.057,0.184338,0.021318
31023,0.039,0.126126,0.014586
31025,0.046,0.148764,0.017204
31027,0.032,0.103488,0.011968
31029,0.03,0.09702,0.01122
31031,0.025,0.08085,0.00935
31033,0.041,0.132594,0.015334
31035,0.043,0.139062,0.016082
31037,0.04,0.12936,0.01496
31039,0.035,0.11319,0.01309
31041,0.031,0.100254,0.011594
31043,0.055,0.17787,0.02057
31045,0.044,0.142296,0.016456
31047,0.048,0.155232,0.017952
31049,0.038,0.122892,0.014212
31051,0.037,0.119658,0.013838
31053,0.049,0.158466,0.018326
31055,0.05,0.1617,0.0187
31057,0.04,0.12936,0.01496
31059,0.044,0.142296,0.016456
31061,0.037,0.119658,0.013838
31063,0.03,0.09702,0.01122
31065,0.041,0.132594,0.015334
31067,0.059,0.190806,0.022066
31069,0.044,0.142296,0.016456
31071,0.025,0.08085,0.00935
31073,0.038,0.122892,0.014212
31075,0.031,0.100254,0.011594
31077,0.033,0.106722,0.012342
31079,0.044,0.142296,0.016456
31081,0.034,0.109956,0.012716
31083,0.036,0.116424,0.013464
31085,0.042,0.135828,0.015708
31087,0.066,0.213444,0.024684
31089,0.032,0.103488,0.011968
31091,0.04,0.12936,0.01496
31093,0.038,0.122892,0.014212
31095,0.046,0.148764,0.017204
31097,0.039,0.126126,0.014586
31099,0.038,0.122892,0.014212
31101,0.039,0.126126,0.014586
31103,0.044,0.142296,0.016456
31105,0.043,0.139062,0.016082
31107,0.036,0.116424,0.013464
31109,0.042,0.135828,0.015708
31111,0.04,0.12936,0.01496
31113,0.043,0.139062,0.016082
31115,0.032,0.103488,0.011968
31117,0.04,0.12936,0.01496
31119,0.042,0.135828,0.015708
31121,0.04,0.12936,0.01496
31123,0.041,0.132594,0.015334
31125,0.036,0.116424,0.013464
31127,0.054,0.174636,0.020196
31129,0.047,0.151998,0.017578
31131,0.05,0.1617,0.0187
31133,0.041,0.132594,0.015334
31135,0.031,0.100254,0.011594
31137,0.038,0.122892,0.014212
31139,0.036,0.116424,0.013464
31141,0.044,0.142296,0.016456
31143,0.042,0.135828,0.015708
31145,0.042,0.135828,0.015708
31147,0.057,0.184338,0.021318
31149,0.031,0.100254,0.011594
31151,0.04,0.12936,0.01496
31153,0.047,0.151998,0.017578
31155,0.045,0.14553,0.01683
31157,0.048,0.155232,0.017952
31159,0.037,0.119658,0.013838
31161,0.035,0.11319,0.01309
31163,0.03,0.09702,0.01122
31165,0.038,0.122892,0.014212
31167,0.036,0.116424,0.013464
31169,0.043,0.139062,0.016082
31171,0.038,0.122892,0.014212
31173,0.138,0.446292,0.051612
31175,0.029,0.093786,0.010846
31177,0.041,0.132594,0.015334
31179,0.038,0.122892,0.014212
31181,0.042,0.135828,0.015708
31183,0.032,0.103488,0.011968
31185,0.057,0.184338,0.021318
32001,0.099,0.320166,0.037026
32003,0.139,0.449526,0.051986
32005,0.126,0.407484,0.047124
32007,0.068,0.219912,0.025432
32009,0.083,0.268422,0.031042
32011,0.093,0.300762,0.034782
32013,0.086,0.278124,0.032164
32015,0.072,0.232848,0.026928
32017,0.094,0.303996,0.035156
32019,0.163,0.527142,0.060962
32021,0.105,0.33957,0.03927
32023,0.161,0.520674,0.060214
32027,0.106,0.342804,0.039644
32029,0.148,0.478632,0.055352
32031,0.131,0.423654,0.048994
32033,0.084,0.271656,0.031416
32510,0.128,0.413952,0.047872
33001,0.07,0.22638,0.02618
33003,0.054,0.174636,0.020196
33005,0.065,0.21021,0.02431
33007,0.078,0.252252,0.029172
33009,0.056,0.181104,0.020944
33011,0.075,0.24255,0.02805
33013,0.063,0.203742,0.023562
33015,0.075,0.24255,0.02805
33017,0.066,0.213444,0.024684
33019,0.065,0.21021,0.02431
34001,0.122,0.394548,0.045628
34003,0.084,0.271656,0.031416
34005,0.091,0.294294,0.034034
34007,0.109,0.352506,0.040766
34009,0.085,0.27489,0.03179
34011,0.126,0.407484,0.047124
34013,0.111,0.358974,0.041514
34015,0.1,0.3234,0.0374
34017,0.116,0.375144,0.043384
34019,0.069,0.223146,0.025806
34021,0.081,0.261954,0.030294
34023,0.092,0.297528,0.034408
34025,0.087,0.281358,0.032538
34027,0.076,0.245784,0.028424
34029,0.096,0.310464,0.035904
34031,0.117,0.378378,0.043758
34033,0.101,0.326634,0.037774
34035,0.079,0.255486,0.029546
34037,0.085,0.27489,0.03179
34039,0.098,0.316932,0.036652
34041,0.088,0.284592,0.032912
35001,0.075,0.24255,0.02805
35003,0.081,0.261954,0.030294
35005,0.068,0.219912,0.025432
35006,0.063,0.203742,0.023562
35007,0.08,0.25872,0.02992
35009,0.044,0.142296,0.016456
35011,0.043,0.139062,0.016082
35013,0.069,0.223146,0.025806
35015,0.06,0.19404,0.02244
35017,0.123,0.397782,0.046002
35019,0.075,0.24255,0.02805
35021,0.045,0.14553,0.01683
35023,0.076,0.245784,0.028424
35025,0.083,0.268422,0.031042
35027,0.051,0.164934,0.019074
35028,0.029,0.093786,0.010846
35029,0.134,0.433356,0.050116
35031,0.086,0.278124,0.032164
35033,0.131,0.423654,0.048994
35035,0.068,0.219912,0.025432
35037,0.059,0.190806,0.022066
35039,0.072,0.232848,0.026928
35041,0.044,0.142296,0.016456
35043,0.09,0.29106,0.03366
35045,0.083,0.268422,0.031042
35047,0.078,0.252252,0.029172
35049,0.065,0.21021,0.02431
35051,0.048,0.155232,0.017952
35053,0.05,0.1617,0.0187
35055,0.087,0.281358,0.032538
35057,0.088,0.284592,0.032912
35059,0.055,0.17787,0.02057
35061,0.085,0.27489,0.03179
36001,0.071,0.229614,0.026554
36003,0.079,0.255486,0.029546
36005,0.133,0.430122,0.049742
36007,0.085,0.27489,0.03179
36009,0.085,0.27489,0.03179
36011,0.08,0.25872,0.02992
36013,0.078,0.252252,0.029172
36015,0.089,0.287826,0.033286
36017,0.087,0.281358,0.032538
36019,0.09,0.29106,0.03366
36021,0.077,0.249018,0.028798
36023,0.085,0.27489,0.03179
36025,0.084,0.271656,0.031416
36027,0.082,0.265188,0.030668
36029,0.083,0.268422,0.031042
36031,0.078,0.252252,0.029172
36033,0.078,0.252252,0.029172
36035,0.091,0.294294,0.034034
36037,0.072,0.232848,0.026928
36039,0.084,0.271656,0.031416
36041,0.056,0.181104,0.020944
36043,0.076,0.245784,0.028424
36045,0.078,0.252252,0.029172
36047,0.11,0.35574,0.04114
36049,0.076,0.245784,0.028424
36051,0.075,0.24255,0.02805
36053,0.074,0.239316,0.027676
36055,0.083,0.268422,0.031042
36057,0.088,0.284592,0.032912
36059,0.072,0.232848,0.026928
36061,0.092,0.297528,0.034408
36063,0.088,0.284592,0.032912
36065,0.073,0.236082,0.027302
36067,0.079,0.255486,0.029546
36069,0.067,0.216678,0.025058
36071,0.082,0.265188,0.030668
36073,0.082,0.265188,0.030668
36075,0.093,0.300762,0.034782
36077,0.068,0.219912,0.025432
36079,0.07,0.22638,0.02618
36081,0.091,0.294294,0.034034
36083,0.077,0.249018,0.028798
36085,0.089,0.287826,0.033286
36087,0.074,0.239316,0.027676
36089,0.089,0.287826,0.033286
36091,0.064,0.206976,0.023936
36093,0.078,0.252252,0.029172
36095,0.076,0.245784,0.028424
36097,0.074,0.239316,0.027676
36099,0.073,0.236082,0.027302
36101,0.095,0.30723,0.03553
36103,0.075,0.24255,0.02805
36105,0.086,0.278124,0.032164
36107,0.079,0.255486,0.029546
36109,0.056,0.181104,0.020944
36111,0.081,0.261954,0.030294
36113,0.072,0.232848,0.026928
36115,0.074,0.239316,0.027676
36117,0.078,0.252252,0.029172
36119,0.074,0.239316,0.027676
36121,0.078,0.252252,0.029172
36123,0.06,0.19404,0.02244
37001,0.118,0.381612,0.044132
37003,0.136,0.439824,0.050864
37005,0.109,0.352506,0.040766
37007,0.148,0.478632,0.055352
37009,0.1,0.3234,0.0374
37011,0.079,0.255486,0.029546
37013,0.112,0.362208,0.041888
37015,0.105,0.33957,0.03927
37017,0.12,0.38808,0.04488
37019,0.105,0.33957,0.03927
37021,0.082,0.265188,0.030668
37023,0.141,0.455994,0.052734
37025,0.114,0.368676,0.042636
37027,0.152,0.491568,0.056848
37029,0.071,0.229614,0.026554
37031,0.076,0.245784,0.028424
37033,0.124,0.401016,0.046376
37035,0.136,0.439824,0.050864
37037,0.08,0.25872,0.02992
37039,0.142,0.459228,0.053108
37041,0.119,0.384846,0.044506
37043,0.108,0.349272,0.040392
37045,0.143,0.462462,0.053482
37047,0.125,0.40425,0.04675
37049,0.1,0.3234,0.0374
37051,0.091,0.294294,0.034034
37053,0.05,0.1617,0.0187
37055,0.068,0.219912,0.025432
37057,0.125,0.40425,0.04675
37059,0.121,0.391314,0.045254
37061,0.087,0.281358,0.032538
37063,0.08,0.25872,0.02992
37065,0.163,0.527142,0.060962
37067,0.095,0.30723,0.03553
37069,0.097,0.313698,0.036278
37071,0.133,0.430122,0.049742
37073,0.071,0.229614,0.026554
37075,0.134,0.433356,0.050116
37077,0.102,0.329868,0.038148
37079,0.102,0.329868,0.038148
37081,0.11,0.35574,0.04114
37083,0.131,0.423654,0.048994
37085,0.109,0.352506,0.040766
37087,0.085,0.27489,0.03179
37089,0.086,0.278124,0.032164
37091,0.094,0.303996,0.035156
37093,0.083,0.268422,0.031042
37095,0.059,0.190806,0.022066
37097,0.121,0.391314,0.045254
37099,0.078,0.252252,0.029172
37101,0.095,0.30723,0.03553
37103,0.109,0.352506,0.040766
37105,0.135,0.43659,0.05049
37107,0.114,0.368676,0.042636
37109,0.132,0.426888,0.049368
37111,0.141,0.455994,0.052734
37113,0.092,0.297528,0.034408
37115,0.093,0.300762,0.034782
37117,0.106,0.342804,0.039644
37119,0.11,0.35574,0.04114
37121,0.11,0.35574,0.04114
37123,0.133,0.430122,0.049742
37125,0.095,0.30723,0.03553
37127,0.119,0.384846,0.044506
37129,0.091,0.294294,0.034034
37131,0.107,0.346038,0.040018
37133,0.083,0.268422,0.031042
37135,0.063,0.203742,0.023562
37137,0.101,0.326634,0.037774
37139,0.091,0.294294,0.034034
37141,0.108,0.349272,0.040392
37143,0.103,0.333102,0.038522
37145,0.108,0.349272,0.040392
37147,0.1,0.3234,0.0374
37149,0.082,0.265188,0.030668
37151,0.11,0.35574,0.04114
37153,0.132,0.426888,0.049368
37155,0.115,0.37191,0.04301
37157,0.117,0.378378,0.043758
37159,0.128,0.413952,0.047872
37161,0.143,0.462462,0.053482
37163,0.083,0.268422,0.031042
37165,0.165,0.53361,0.06171
37167,0.119,0.384846,0.044506
37169,0.101,0.326634,0.037774
37171,0.118,0.381612,0.044132
37173,0.091,0.294294,0.034034
37175,0.085,0.27489,0.03179
37177,0.088,0.284592,0.032912
37179,0.1,0.3234,0.0374
37181,0.13,0.42042,0.04862
37183,0.083,0.268422,0.031042
37185,0.127,0.410718,0.047498
37187,0.117,0.378378,0.043758
37189,0.069,0.223146,0.025806
37191,0.088,0.284592,0.032912
37193,0.129,0.417186,0.048246
37195,0.119,0.384846,0.044506
37197,0.093,0.300762,0.034782
37199,0.109,0.352506,0.040766
38001,0.027,0.087318,0.010098
38003,0.034,0.109956,0.012716
38005,0.053,0.171402,0.019822
38007,0.013,0.042042,0.004862
38009,0.029,0.093786,0.010846
38011,0.027,0.087318,0.010098
38013,0.022,0.071148,0.008228
38015,0.028,0.090552,0.010472
38017,0.037,0.119658,0.013838
38019,0.025,0.08085,0.00935
38021,0.041,0.132594,0.015334
38023,0.034,0.109956,0.012716
38025,0.036,0.116424,0.013464
38027,0.038,0.122892,0.014212
38029,0.051,0.164934,0.019074
38031,0.028,0.090552,0.010472
38033,0.025,0.08085,0.00935
38035,0.035,0.11319,0.01309
38037,0.032,0.103488,0.011968
38039,0.036,0.116424,0.013464
38041,0.027,0.087318,0.010098
38043,0.034,0.109956,0.012716
38045,0.043,0.139062,0.016082
38047,0.027,0.087318,0.010098
38049,0.029,0.093786,0.010846
38051,0.031,0.100254,0.011594
38053,0.022,0.071148,0.008228
38055,0.034,0.109956,0.012716
38057,0.033,0.106722,0.012342
38059,0.03,0.09702,0.01122
38061,0.044,0.142296,0.016456
38063,0.029,0.093786,0.010846
38065,0.031,0.100254,0.011594
38067,0.051,0.164934,0.019074
38069,0.04,0.12936,0.01496
38071,0.032,0.103488,0.011968
38073,0.06,0.19404,0.02244
38075,0.033,0.106722,0.012342
38077,0.043,0.139062,0.016082
38079,0.097,0.313698,0.036278
38081,0.065,0.21021,0.02431
38083,0.037,0.119658,0.013838
38085,0.043,0.139062,0.016082
38087,0.012,0.038808,0.004488
38089,0.028,0.090552,0.010472
38091,0.021,0.067914,0.007854
38093,0.032,0.103488,0.011968
38095,0.026,0.084084,0.009724
38097,0.035,0.11319,0.01309
38099,0.045,0.14553,0.01683
38101,0.028,0.090552,0.010472
38103,0.038,0.122892,0.014212
38105,0.02,0.06468,0.00748
39001,0.138,0.446292,0.051612
39003,0.102,0.329868,0.038148
39005,0.114,0.368676,0.042636
39007,0.126,0.407484,0.047124
39009,0.086,0.278124,0.032164
39011,0.101,0.326634,0.037774
39013,0.092,0.297528,0.034408
39015,0.119,0.384846,0.044506
39017,0.091,0.294294,0.034034
39019,0.132,0.426888,0.049368
39021,0.114,0.368676,0.042636
39023,0.099,0.320166,0.037026
39025,0.094,0.303996,0.035156
39027,0.139,0.449526,0.051986
39029,0.125,0.40425,0.04675
39031,0.123,0.397782,0.046002
39033,0.132,0.426888,0.049368
39035,0.085,0.27489,0.03179
39037,0.099,0.320166,0.037026
39039,0.117,0.378378,0.043758
39041,0.067,0.216678,0.025058
39043,0.095,0.30723,0.03553
39045,0.082,0.265188,0.030668
39047,0.117,0.378378,0.043758
39049,0.082,0.265188,0.030668
39051,0.121,0.391314,0.045254
39053,0.095,0.30723,0.03553
39055,0.065,0.21021,0.02431
39057,0.094,0.303996,0.035156
39059,0.108,0.349272,0.040392
39061,0.089,0.287826,0.033286
39063,0.091,0.294294,0.034034
39065,0.112,0.362208,0.041888
39067,0.106,0.342804,0.039644
39069,0.109,0.352506,0.040766
39071,0.153,0.494802,0.057222
39073,0.104,0.336336,0.038896
39075,0.063,0.203742,0.023562
39077,0.128,0.413952,0.047872
39079,0.105,0.33957,0.03927
39081,0.127,0.410718,0.047498
39083,0.087,0.281358,0.032538
39085,0.079,0.255486,0.029546
39087,0.084,0.271656,0.031416
39089,0.089,0.287826,0.033286
39091,0.112,0.362208,0.041888
39093,0.091,0.294294,0.034034
39095,0.113,0.365442,0.042262
39097,0.085,0.27489,0.03179
39099,0.118,0.381612,0.044132
39101,0.102,0.329868,0.038148
39103,0.075,0.24255,0.02805
39105,0.152,0.491568,0.056848
39107,0.078,0.252252,0.029172
39109,0.11,0.35574,0.04114
39111,0.115,0.37191,0.04301
39113,0.11,0.35574,0.04114
39115,0.146,0.472164,0.054604
39117,0.1,0.3234,0.0374
39119,0.119,0.384846,0.044506
39121,0.14,0.45276,0.05236
39123,0.107,0.346038,0.040018
39125,0.115,0.37191,0.04301
39127,0.128,0.413952,0.047872
39129,0.103,0.333102,0.038522
39131,0.147,0.475398,0.054978
39133,0.092,0.297528,0.034408
39135,0.111,0.358974,0.041514
39137,0.09,0.29106,0.03366
39139,0.118,0.381612,0.044132
39141,0.115,0.37191,0.04301
39143,0.108,0.349272,0.040392
39145,0.121,0.391314,0.045254
39147,0.12,0.38808,0.04488
39149,0.119,0.384846,0.044506
39151,0.11,0.35574,0.04114
39153,0.096,0.310464,0.035904
39155,0.135,0.43659,0.05049
39157,0.102,0.329868,0.038148
39159,0.08,0.25872,0.02992
39161,0.132,0.426888,0.049368
39163,0.113,0.365442,0.042262
39165,0.085,0.27489,0.03179
39167,0.094,0.303996,0.035156
39169,0.089,0.287826,0.033286
39171,0.141,0.455994,0.052734
39173,0.1,0.3234,0.0374
39175,0.112,0.362208,0.041888
40001,0.076,0.245784,0.028424
40003,0.055,0.17787,0.02057
40005,0.084,0.271656,0.031416
40007,0.033,0.106722,0.012342
40009,0.059,0.190806,0.022066
40011,0.057,0.184338,0.021318
40013,0.052,0.168168,0.019448
40015,0.061,0.197274,0.022814
40017,0.055,0.17787,0.02057
40019,0.057,0.184338,0.021318
40021,0.056,0.181104,0.020944
40023,0.076,0.245784,0.028424
40025,0.035,0.11319,0.01309
40027,0.052,0.168168,0.019448
40029,0.088,0.284592,0.032912
40031,0.051,0.164934,0.019074
40033,0.04,0.12936,0.01496
40035,0.055,0.17787,0.02057
40037,0.081,0.261954,0.030294
40039,0.049,0.158466,0.018326
40041,0.06,0.19404,0.02244
40043,0.046,0.148764,0.017204
40045,0.045,0.14553,0.01683
40047,0.045,0.14553,0.01683
40049,0.059,0.190806,0.022066
40051,0.074,0.239316,0.027676
40053,0.042,0.135828,0.015708
40055,0.079,0.255486,0.029546
40057,0.069,0.223146,0.025806
40059,0.043,0.139062,0.016082
40061,0.084,0.271656,0.031416
40063,0.107,0.346038,0.040018
40065,0.048,0.155232,0.017952
40067,0.086,0.278124,0.032164
40069,0.07,0.22638,0.02618
40071,0.081,0.261954,0.030294
40073,0.043,0.139062,0.016082
40075,0.062,0.200508,0.023188
40077,0.104,0.336336,0.038896
40079,0.087,0.281358,0.032538
40081,0.067,0.216678,0.025058
40083,0.056,0.181104,0.020944
40085,0.054,0.174636,0.020196
40087,0.056,0.181104,0.020944
40089,0.116,0.375144,0.043384
40091,0.082,0.265188,0.030668
40093,0.045,0.14553,0.01683
40095,0.075,0.24255,0.02805
40097,0.081,0.261954,0.030294
40099,0.047,0.151998,0.017578
40101,0.081,0.261954,0.030294
40103,0.077,0.249018,0.028798
40105,0.093,0.300762,0.034782
40107,0.089,0.287826,0.033286
40109,0.061,0.197274,0.022814
40111,0.085,0.27489,0.03179
40113,0.074,0.239316,0.027676
40115,0.062,0.200508,0.023188
40117,0.082,0.265188,0.030668
40119,0.063,0.203742,0.023562
40121,0.065,0.21021,0.02431
40123,0.051,0.164934,0.019074
40125,0.065,0.21021,0.02431
40127,0.089,0.287826,0.033286
40129,0.045,0.14553,0.01683
40131,0.072,0.232848,0.026928
40133,0.092,0.297528,0.034408
40135,0.087,0.281358,0.032538
40137,0.084,0.271656,0.031416
40139,0.038,0.122892,0.014212
40141,0.056,0.181104,0.020944
40143,0.068,0.219912,0.025432
40145,0.066,0.213444,0.024684
40147,0.059,0.190806,0.022066
40149,0.063,0.203742,0.023562
40151,0.042,0.135828,0.015708
40153,0.065,0.21021,0.02431
41001,0.085,0.27489,0.03179
41003,0.075,0.24255,0.02805
41005,0.104,0.336336,0.038896
41007,0.082,0.265188,0.030668
41009,0.126,0.407484,0.047124
41011,0.117,0.378378,0.043758
41013,0.161,0.520674,0.060214
41015,0.112,0.362208,0.041888
41017,0.135,0.43659,0.05049
41019,0.14,0.45276,0.05236
41021,0.056,0.181104,0.020944
41023,0.099,0.320166,0.037026
41025,0.15,0.4851,0.0561
41027,0.066,0.213444,0.024684
41029,0.115,0.37191,0.04301
41031,0.129,0.417186,0.048246
41033,0.133,0.430122,0.049742
41035,0.12,0.38808,0.04488
41037,0.101,0.326634,0.037774
41039,0.115,0.37191,0.04301
41041,0.094,0.303996,0.035156
41043,0.136,0.439824,0.050864
41045,0.093,0.300762,0.034782
41047,0.103,0.333102,0.038522
41049,0.074,0.239316,0.027676
41051,0.109,0.352506,0.040766
41053,0.093,0.300762,0.034782
41055,0.076,0.245784,0.028424
41057,0.082,0.265188,0.030668
41059,0.078,0.252252,0.029172
41061,0.102,0.329868,0.038148
41063,0.087,0.281358,0.032538
41065,0.08,0.25872,0.02992
41067,0.096,0.310464,0.035904
41069,0.067,0.216678,0.025058
41071,0.11,0.35574,0.04114
42001,0.074,0.239316,0.027676
42003,0.072,0.232848,0.026928
42005,0.08,0.25872,0.02992
42007,0.084,0.271656,0.031416
42009,0.109,0.352506,0.040766
42011,0.091,0.294294,0.034034
42013,0.074,0.239316,0.027676
42015,0.076,0.245784,0.028424
42017,0.073,0.236082,0.027302
42019,0.071,0.229614,0.026554
42021,0.088,0.284592,0.032912
42023,0.167,0.540078,0.062458
42025,0.1,0.3234,0.0374
42027,0.056,0.181104,0.020944
42029,0.063,0.203742,0.023562
42031,0.083,0.268422,0.031042
42033,0.098,0.316932,0.036652
42035,0.082,0.265188,0.030668
42037,0.082,0.265188,0.030668
42039,0.101,0.326634,0.037774
42041,0.068,0.219912,0.025432
42043,0.081,0.261954,0.030294
42045,0.079,0.255486,0.029546
42047,0.129,0.417186,0.048246
42049,0.092,0.297528,0.034408
42051,0.091,0.294294,0.034034
42053,0.102,0.329868,0.038148
42055,0.086,0.278124,0.032164
42057,0.143,0.462462,0.053482
42059,0.078,0.252252,0.029172
42061,0.102,0.329868,0.038148
42063,0.078,0.252252,0.029172
42065,0.095,0.30723,0.03553
42067,0.076,0.245784,0.028424
42069,0.083,0.268422,0.031042
42071,0.075,0.24255,0.02805
42073,0.089,0.287826,0.033286
42075,0.07,0.22638,0.02618
42077,0.093,0.300762,0.034782
42079,0.092,0.297528,0.034408
42081,0.093,0.300762,0.034782
42083,0.1,0.3234,0.0374
42085,0.113,0.365442,0.042262
42087,0.104,0.336336,0.038896
42089,0.09,0.29106,0.03366
42091,0.07,0.22638,0.02618
42093,0.059,0.190806,0.022066
42095,0.088,0.284592,0.032912
42097,0.094,0.303996,0.035156
42099,0.081,0.261954,0.030294
42101,0.11,0.35574,0.04114
42103,0.086,0.278124,0.032164
42105,0.103,0.333102,0.038522
42107,0.101,0.326634,0.037774
42109,0.086,0.278124,0.032164
42111,0.085,0.27489,0.03179
42113,0.079,0.255486,0.029546
42115,0.078,0.252252,0.029172
42117,0.078,0.252252,0.029172
42119,0.088,0.284592,0.032912
42121,0.087,0.281358,0.032538
42123,0.073,0.236082,0.027302
42125,0.079,0.255486,0.029546
42127,0.066,0.213444,0.024684
42129,0.078,0.252252,0.029172
42131,0.069,0.223146,0.025806
42133,0.084,0.271656,0.031416
44001,0.111,0.358974,0.041514
44003,0.119,0.384846,0.044506
44005,0.1,0.3234,0.0374
44007,0.135,0.43659,0.05049
44009,0.092,0.297528,0.034408
45001,0.148,0.478632,0.055352
45003,0.094,0.303996,0.035156
45005,0.225,0.72765,0.08415
45007,0.125,0.40425,0.04675
45009,0.181,0.585354,0.067694
45011,0.19,0.61446,0.07106
45013,0.087,0.281358,0.032538
45015,0.107,0.346038,0.040018
45017,0.144,0.465696,0.053856
45019,0.09,0.29106,0.03366
45021,0.162,0.523908,0.060588
45023,0.211,0.682374,0.078914
45025,0.168,0.543312,0.062832
45027,0.161,0.520674,0.060214
45029,0.142,0.459228,0.053108
45031,0.13,0.42042,0.04862
45033,0.172,0.556248,0.064328
45035,0.103,0.333102,0.038522
45037,0.107,0.346038,0.040018
45039,0.129,0.417186,0.048246
45041,0.117,0.378378,0.043758
45043,0.125,0.40425,0.04675
45045,0.102,0.329868,0.038148
45047,0.137,0.443058,0.051238
45049,0.161,0.520674,0.060214
45051,0.109,0.352506,0.040766
45053,0.107,0.346038,0.040018
45055,0.104,0.336336,0.038896
45057,0.179,0.578886,0.066946
45059,0.117,0.378378,0.043758
45061,0.157,0.507738,0.058718
45063,0.083,0.268422,0.031042
45065,0.157,0.507738,0.058718
45067,0.21,0.67914,0.07854
45069,0.202,0.653268,0.075548
45071,0.117,0.378378,0.043758
45073,0.142,0.459228,0.053108
45075,0.187,0.604758,0.069938
45077,0.106,0.342804,0.039644
45079,0.095,0.30723,0.03553
45081,0.094,0.303996,0.035156
45083,0.122,0.394548,0.045628
45085,0.139,0.449526,0.051986
45087,0.206,0.666204,0.077044
45089,0.154,0.498036,0.057596
45091,0.141,0.455994,0.052734
46003,0.04,0.12936,0.01496
46005,0.03,0.09702,0.01122
46007,0.06,0.19404,0.02244
46009,0.049,0.158466,0.018326
46011,0.032,0.103488,0.011968
46013,0.031,0.100254,0.011594
46015,0.027,0.087318,0.010098
46017,0.172,0.556248,0.064328
46019,0.039,0.126126,0.014586
46021,0.045,0.14553,0.01683
46023,0.048,0.155232,0.017952
46025,0.047,0.151998,0.017578
46027,0.037,0.119658,0.013838
46029,0.058,0.187572,0.021692
46031,0.056,0.181104,0.020944
46033,0.03,0.09702,0.01122
46035,0.043,0.139062,0.016082
46037,0.053,0.171402,0.019822
46039,0.048,0.155232,0.017952
46041,0.104,0.336336,0.038896
46043,0.031,0.100254,0.011594
46045,0.027,0.087318,0.010098
46047,0.049,0.158466,0.018326
46049,0.031,0.100254,0.011594
46051,0.035,0.11319,0.01309
46053,0.031,0.100254,0.011594
46055,0.036,0.116424,0.013464
46057,0.051,0.164934,0.019074
46059,0.028,0.090552,0.010472
46061,0.03,0.09702,0.01122
46063,0.023,0.074382,0.008602
46065,0.027,0.087318,0.010098
46067,0.039,0.126126,0.014586
46069,0.036,0.116424,0.013464
46071,0.062,0.200508,0.023188
46073,0.026,0.084084,0.009724
46075,0.024,0.077616,0.008976
46077,0.051,0.164934,0.019074
46079,0.058,0.187572,0.021692
46081,0.038,0.122892,0.014212
46083,0.039,0.126126,0.014586
46085,0.057,0.184338,0.021318
46087,0.045,0.14553,0.01683
46089,0.05,0.1617,0.0187
46091,0.047,0.151998,0.017578
46093,0.04,0.12936,0.01496
46095,0.068,0.219912,0.025432
46097,0.057,0.184338,0.021318
46099,0.047,0.151998,0.017578
46101,0.061,0.197274,0.022814
46103,0.044,0.142296,0.016456
46105,0.039,0.126126,0.014586
46107,0.032,0.103488,0.011968
46109,0.048,0.155232,0.017952
46111,0.038,0.122892,0.014212
46113,0.126,0.407484,0.047124
46115,0.034,0.109956,0.012716
46117,0.021,0.067914,0.007854
46119,0.024,0.077616,0.008976
46121,0.084,0.271656,0.031416
46123,0.029,0.093786,0.010846
46125,0.044,0.142296,0.016456
46127,0.053,0.171402,0.019822
46129,0.04,0.12936,0.01496
46135,0.053,0.171402,0.019822
46137,0.078,0.252252,0.029172
47001,0.097,0.313698,0.036278
47003,0.121,0.391314,0.045254
47005,0.128,0.413952,0.047872
47007,0.137,0.443058,0.051238
47009,0.093,0.300762,0.034782
47011,0.093,0.300762,0.034782
47013,0.131,0.423654,0.048994
47015,0.108,0.349272,0.040392
47017,0.164,0.530376,0.061336
47019,0.098,0.316932,0.036652
47021,0.094,0.303996,0.035156
47023,0.115,0.37191,0.04301
47025,0.111,0.358974,0.041514
47027,0.126,0.407484,0.047124
47029,0.122,0.394548,0.045628
47031,0.102,0.329868,0.038148
47033,0.134,0.433356,0.050116
47035,0.108,0.349272,0.040392
47037,0.092,0.297528,0.034408
47039,0.142,0.459228,0.053108
47041,0.102,0.329868,0.038148
47043,0.098,0.316932,0.036652
47045,0.14,0.45276,0.05236
47047,0.108,0.349272,0.040392
47049,0.13,0.42042,0.04862
47051,0.104,0.336336,0.038896
47053,0.157,0.507738,0.058718
47055,0.14,0.45276,0.05236
47057,0.135,0.43659,0.05049
47059,0.143,0.462462,0.053482
47061,0.13,0.42042,0.04862
47063,0.125,0.40425,0.04675
47065,0.087,0.281358,0.032538
47067,0.183,0.591822,0.068442
47069,0.127,0.410718,0.047498
47071,0.111,0.358974,0.041514
47073,0.103,0.333102,0.038522
47075,0.18,0.58212,0.06732
47077,0.181,0.585354,0.067694
47079,0.131,0.423654,0.048994
47081,0.124,0.401016,0.046376
47083,0.116,0.375144,0.043384
47085,0.119,0.384846,0.044506
47087,0.127,0.410718,0.047498
47089,0.118,0.381612,0.044132
47091,0.122,0.394548,0.045628
47093,0.081,0.261954,0.030294
47095,0.107,0.346038,0.040018
47097,0.189,0.611226,0.070686
47099,0.146,0.472164,0.054604
47101,0.149,0.481866,0.055726
47103,0.069,0.223146,0.025806
47105,0.095,0.30723,0.03553
47107,0.13,0.42042,0.04862
47109,0.127,0.410718,0.047498
47111,0.112,0.362208,0.041888
47113,0.11,0.35574,0.04114
47115,0.121,0.391314,0.045254
47117,0.163,0.527142,0.060962
47119,0.119,0.384846,0.044506
47121,0.136,0.439824,0.050864
47123,0.161,0.520674,0.060214
47125,0.09,0.29106,0.03366
47127,0.097,0.313698,0.036278
47129,0.116,0.375144,0.043384
47131,0.104,0.336336,0.038896
47133,0.12,0.38808,0.04488
47135,0.176,0.569184,0.065824
47137,0.134,0.433356,0.050116
47139,0.114,0.368676,0.042636
47141,0.097,0.313698,0.036278
47143,0.127,0.410718,0.047498
47145,0.089,0.287826,0.033286
47147,0.101,0.326634,0.037774
47149,0.095,0.30723,0.03553
47151,0.184,0.595056,0.068816
47153,0.128,0.413952,0.047872
47155,0.092,0.297528,0.034408
47157,0.102,0.329868,0.038148
47159,0.128,0.413952,0.047872
47161,0.111,0.358974,0.041514
47163,0.088,0.284592,0.032912
47165,0.097,0.313698,0.036278
47167,0.116,0.375144,0.043384
47169,0.12,0.38808,0.04488
47171,0.103,0.333102,0.038522
47173,0.107,0.346038,0.040018
47175,0.142,0.459228,0.053108
47177,0.125,0.40425,0.04675
47179,0.086,0.278124,0.032164
47181,0.129,0.417186,0.048246
47183,0.13,0.42042,0.04862
47185,0.135,0.43659,0.05049
47187,0.075,0.24255,0.02805
47189,0.09,0.29106,0.03366
48001,0.094,0.303996,0.035156
48003,0.076,0.245784,0.028424
48005,0.089,0.287826,0.033286
48007,0.073,0.236082,0.027302
48009,0.065,0.21021,0.02431
48011,0.051,0.164934,0.019074
48013,0.079,0.255486,0.029546
48015,0.084,0.271656,0.031416
48017,0.052,0.168168,0.019448
48019,0.068,0.219912,0.025432
48021,0.08,0.25872,0.02992
48023,0.051,0.164934,0.019074
48025,0.103,0.333102,0.038522
48027,0.071,0.229614,0.026554
48029,0.072,0.232848,0.026928
48031,0.058,0.187572,0.021692
48033,0.062,0.200508,0.023188
48035,0.086,0.278124,0.032164
48037,0.078,0.252252,0.029172
48039,0.089,0.287826,0.033286
48041,0.062,0.200508,0.023188
48043,0.051,0.164934,0.019074
48045,0.059,0.190806,0.022066
48047,0.099,0.320166,0.037026
48049,0.072,0.232848,0.026928
48051,0.074,0.239316,0.027676
48053,0.063,0.203742,0.023562
48055,0.082,0.265188,0.030668
48057,0.095,0.30723,0.03553
48059,0.063,0.203742,0.023562
48061,0.108,0.349272,0.040392
48063,0.096,0.310464,0.035904
48065,0.067,0.216678,0.025058
48067,0.125,0.40425,0.04675
48069,0.053,0.171402,0.019822
48071,0.107,0.346038,0.040018
48073,0.097,0.313698,0.036278
48075,0.064,0.206976,0.023936
48077,0.074,0.239316,0.027676
48079,0.072,0.232848,0.026928
48081,0.086,0.278124,0.032164
48083,0.069,0.223146,0.025806
48085,0.078,0.252252,0.029172
48087,0.059,0.190806,0.022066
48089,0.066,0.213444,0.024684
48091,0.066,0.213444,0.024684
48093,0.061,0.197274,0.022814
48095,0.082,0.265188,0.030668
48097,0.065,0.21021,0.02431
48099,0.087,0.281358,0.032538
48101,0.056,0.181104,0.020944
48103,0.095,0.30723,0.03553
48105,0.097,0.313698,0.036278
48107,0.07,0.22638,0.02618
48109,0.045,0.14553,0.01683
48111,0.044,0.142296,0.016456
48113,0.087,0.281358,0.032538
48115,0.087,0.281358,0.032538
48117,0.058,0.187572,0.021692
48119,0.084,0.271656,0.031416
48121,0.077,0.249018,0.028798
48123,0.083,0.268422,0.031042
48125,0.06,0.19404,0.02244
48127,0.11,0.35574,0.04114
48129,0.07,0.22638,0.02618
48131,0.125,0.40425,0.04675
48133,0.084,0.271656,0.031416
48135,0.092,0.297528,0.034408
48137,0.067,0.216678,0.025058
48139,0.086,0.278124,0.032164
48141,0.098,0.316932,0.036652
48143,0.071,0.229614,0.026554
48145,0.095,0.30723,0.03553
48147,0.09,0.29106,0.03366
48149,0.057,0.184338,0.021318
48151,0.064,0.206976,0.023936
48153,0.069,0.223146,0.025806
48155,0.057,0.184338,0.021318
48157,0.083,0.268422,0.031042
48159,0.073,0.236082,0.027302
48161,0.067,0.216678,0.025058
48163,0.084,0.271656,0.031416
48165,0.068,0.219912,0.025432
48167,0.085,0.27489,0.03179
48169,0.057,0.184338,0.021318
48171,0.049,0.158466,0.018326
48173,0.052,0.168168,0.019448
48175,0.079,0.255486,0.029546
48177,0.061,0.197274,0.022814
48179,0.089,0.287826,0.033286
48181,0.087,0.281358,0.032538
48183,0.08,0.25872,0.02992
48185,0.1,0.3234,0.0374
48187,0.067,0.216678,0.025058
48189,0.064,0.206976,0.023936
48191,0.089,0.287826,0.033286
48193,0.06,0.19404,0.02244
48195,0.055,0.17787,0.02057
48197,0.072,0.232848,0.026928
48199,0.101,0.326634,0.037774
48201,0.085,0.27489,0.03179
48203,0.087,0.281358,0.032538
48205,0.043,0.139062,0.016082
48207,0.052,0.168168,0.019448
48209,0.068,0.219912,0.025432
48211,0.03,0.09702,0.01122
48213,0.085,0.27489,0.03179
48215,0.116,0.375144,0.043384
48217,0.085,0.27489,0.03179
48219,0.07,0.22638,0.02618
48221,0.076,0.245784,0.028424
48223,0.065,0.21021,0.02431
48225,0.103,0.333102,0.038522
48227,0.075,0.24255,0.02805
48229,0.065,0.21021,0.02431
48231,0.085,0.27489,0.03179
48233,0.08,0.25872,0.02992
48235,0.054,0.174636,0.020196
48237,0.064,0.206976,0.023936
48239,0.076,0.245784,0.028424
48241,0.119,0.384846,0.044506
48243,0.056,0.181104,0.020944
48245,0.108,0.349272,0.040392
48247,0.1,0.3234,0.0374
48249,0.1,0.3234,0.0374
48251,0.091,0.294294,0.034034
48253,0.082,0.265188,0.030668
48255,0.105,0.33957,0.03927
48257,0.088,0.284592,0.032912
48259,0.06,0.19404,0.02244
48261,0.061,0.197274,0.022814
48263,0.062,0.200508,0.023188
48265,0.06,0.19404,0.02244
48267,0.054,0.174636,0.020196
48269,0.054,0.174636,0.020196
48271,0.089,0.287826,0.033286
48273,0.077,0.249018,0.028798
48275,0.064,0.206976,0.023936
48277,0.078,0.252252,0.029172
48279,0.066,0.213444,0.024684
48281,0.061,0.197274,0.022814
48283,0.099,0.320166,0.037026
48285,0.064,0.206976,0.023936
48287,0.069,0.223146,0.025806
48289,0.079,0.255486,0.029546
48291,0.112,0.362208,0.041888
48293,0.072,0.232848,0.026928
48295,0.061,0.197274,0.022814
48297,0.076,0.245784,0.028424
48299,0.073,0.236082,0.027302
48301,0.115,0.37191,0.04301
48303,0.057,0.184338,0.021318
48305,0.068,0.219912,0.025432
48307,0.091,0.294294,0.034034
48309,0.071,0.229614,0.026554
48311,0.078,0.252252,0.029172
48313,0.087,0.281358,0.032538
48315,0.118,0.381612,0.044132
48317,0.05,0.1617,0.0187
48319,0.054,0.174636,0.020196
48321,0.112,0.362208,0.041888
48323,0.136,0.439824,0.050864
48325,0.071,0.229614,0.026554
48327,0.09,0.29106,0.03366
48329,0.062,0.200508,0.023188
48331,0.102,0.329868,0.038148
48333,0.06,0.19404,0.02244
48335,0.087,0.281358,0.032538
48337,0.078,0.252252,0.029172
48339,0.079,0.255486,0.029546
48341,0.053,0.171402,0.019822
48343,0.156,0.504504,0.058344
48345,0.053,0.171402,0.019822
48347,0.07,0.22638,0.02618
48349,0.084,0.271656,0.031416
48351,0.124,0.401016,0.046376
48353,0.064,0.206976,0.023936
48355,0.077,0.249018,0.028798
48357,0.063,0.203742,0.023562
48359,0.055,0.17787,0.02057
48361,0.111,0.358974,0.041514
48363,0.091,0.294294,0.034034
48365,0.075,0.24255,0.02805
48367,0.084,0.271656,0.031416
48369,0.048,0.155232,0.017952
48371,0.117,0.378378,0.043758
48373,0.103,0.333102,0.038522
48375,0.066,0.213444,0.024684
48377,0.178,0.575652,0.066572
48379,0.085,0.27489,0.03179
48381,0.051,0.164934,0.019074
48383,0.058,0.187572,0.021692
48385,0.061,0.197274,0.022814
48387,0.105,0.33957,0.03927
48389,0.14,0.45276,0.05236
48391,0.07,0.22638,0.02618
48393,0.062,0.200508,0.023188
48395,0.087,0.281358,0.032538
48397,0.078,0.252252,0.029172
48399,0.101,0.326634,0.037774
48401,0.091,0.294294,0.034034
48403,0.159,0.514206,0.059466
48405,0.108,0.349272,0.040392
48407,0.1,0.3234,0.0374
48409,0.098,0.316932,0.036652
48411,0.078,0.252252,0.029172
48413,0.111,0.358974,0.041514
48415,0.072,0.232848,0.026928
48417,0.043,0.139062,0.016082
48419,0.081,0.261954,0.030294
48421,0.049,0.158466,0.018326
48423,0.083,0.268422,0.031042
48425,0.073,0.236082,0.027302
48427,0.178,0.575652,0.066572
48429,0.069,0.223146,0.025806
48431,0.046,0.148764,0.017204
48433,0.048,0.155232,0.017952
48435,0.078,0.252252,0.029172
48437,0.067,0.216678,0.025058
48439,0.082,0.265188,0.030668
48441,0.061,0.197274,0.022814
48443,0.078,0.252252,0.029172
48445,0.077,0.249018,0.028798
48447,0.056,0.181104,0.020944
48449,0.077,0.249018,0.028798
48451,0.07,0.22638,0.02618
48453,0.07,0.22638,0.02618
48455,0.088,0.284592,0.032912
48457,0.105,0.33957,0.03927
48459,0.081,0.261954,0.030294
48461,0.056,0.181104,0.020944
48463,0.089,0.287826,0.033286
48465,0.096,0.310464,0.035904
48467,0.074,0.239316,0.027676
48469,0.079,0.255486,0.029546
48471,0.078,0.252252,0.029172
48473,0.09,0.29106,0.03366
48475,0.085,0.27489,0.03179
48477,0.069,0.223146,0.025806
48479,0.091,0.294294,0.034034
48481,0.079,0.255486,0.029546
48483,0.056,0.181104,0.020944
48485,0.081,0.261954,0.030294
48487,0.055,0.17787,0.02057
48489,0.139,0.449526,0.051986
48491,0.078,0.252252,0.029172
48493,0.069,0.223146,0.025806
48495,0.09,0.29106,0.03366
48497,0.096,0.310464,0.035904
48499,0.084,0.271656,0.031416
48501,0.071,0.229614,0.026554
48503,0.064,0.206976,0.023936
48505,0.126,0.407484,0.047124
48507,0.163,0.527142,0.060962
49001,0.042,0.135828,0.015708
49003,0.056,0.181104,0.020944
49005,0.042,0.135828,0.015708
49007,0.065,0.21021,0.02431
49009,0.027,0.087318,0.010098
49011,0.056,0.181104,0.020944
49013,0.069,0.223146,0.025806
49015,0.062,0.200508,0.023188
49017,0.049,0.158466,0.018326
49019,0.052,0.168168,0.019448
49021,0.063,0.203742,0.023562
49023,0.068,0.219912,0.025432
49025,0.044,0.142296,0.016456
49027,0.04,0.12936,0.01496
49029,0.053,0.171402,0.019822
49031,0.038,0.122892,0.014212
49033,0.028,0.090552,0.010472
49035,0.06,0.19404,0.02244
49037,0.086,0.278124,0.032164
49039,0.056,0.181104,0.020944
49041,0.057,0.184338,0.021318
49043,0.058,0.187572,0.021692
49045,0.064,0.206976,0.023936
49047,0.066,0.213444,0.024684
49049,0.054,0.174636,0.020196
49051,0.06,0.19404,0.02244
49053,0.078,0.252252,0.029172
49055,0.042,0.135828,0.015708
49057,0.07,0.22638,0.02618
50001,0.058,0.187572,0.021692
50003,0.068,0.219912,0.025432
50005,0.07,0.22638,0.02618
50007,0.057,0.184338,0.021318
50009,0.078,0.252252,0.029172
50011,0.062,0.200508,0.023188
50013,0.07,0.22638,0.02618
50015,0.066,0.213444,0.024684
50017,0.055,0.17787,0.02057
50019,0.083,0.268422,0.031042
50021,0.087,0.281358,0.032538
50023,0.061,0.197274,0.022814
50025,0.063,0.203742,0.023562
50027,0.058,0.187572,0.021692
51001,0.061,0.197274,0.022814
51003,0.05,0.1617,0.0187
51005,0.087,0.281358,0.032538
51007,0.07,0.22638,0.02618
51009,0.07,0.22638,0.02618
51011,0.067,0.216678,0.025058
51013,0.042,0.135828,0.015708
51015,0.058,0.187572,0.021692
51017,0.054,0.174636,0.020196
51019,0.062,0.200508,0.023188
51021,0.075,0.24255,0.02805
51023,0.062,0.200508,0.023188
51025,0.114,0.368676,0.042636
51027,0.088,0.284592,0.032912
51029,0.078,0.252252,0.029172
51031,0.066,0.213444,0.024684
51033,0.082,0.265188,0.030668
51035,0.113,0.365442,0.042262
51036,0.087,0.281358,0.032538
51037,0.091,0.294294,0.034034
51041,0.068,0.219912,0.025432
51043,0.061,0.197274,0.022814
51045,0.072,0.232848,0.026928
51047,0.075,0.24255,0.02805
51049,0.07,0.22638,0.02618
51051,0.083,0.268422,0.031042
51053,0.083,0.268422,0.031042
51057,0.077,0.249018,0.028798
51059,0.047,0.151998,0.017578
51061,0.05,0.1617,0.0187
51063,0.071,0.229614,0.026554
51065,0.058,0.187572,0.021692
51067,0.078,0.252252,0.029172
51069,0.073,0.236082,0.027302
51071,0.085,0.27489,0.03179
51073,0.055,0.17787,0.02057
51075,0.067,0.216678,0.025058
51077,0.104,0.336336,0.038896
51079,0.058,0.187572,0.021692
51081,0.091,0.294294,0.034034
51083,0.115,0.37191,0.04301
51085,0.066,0.213444,0.024684
51087,0.072,0.232848,0.026928
51089,0.134,0.433356,0.050116
51091,0.059,0.190806,0.022066
51093,0.063,0.203742,0.023562
51095,0.046,0.148764,0.017204
51097,0.075,0.24255,0.02805
51099,0.075,0.24255,0.02805
51101,0.064,0.206976,0.023936
51103,0.073,0.236082,0.027302
51105,0.071,0.229614,0.026554
51107,0.047,0.151998,0.017578
51109,0.081,0.261954,0.030294
51111,0.091,0.294294,0.034034
51113,0.06,0.19404,0.02244
51115,0.048,0.155232,0.017952
51117,0.105,0.33957,0.03927
51119,0.064,0.206976,0.023936
51121,0.063,0.203742,0.023562
51125,0.062,0.200508,0.023188
51127,0.069,0.223146,0.025806
51131,0.066,0.213444,0.024684
51133,0.065,0.21021,0.02431
51135,0.079,0.255486,0.029546
51137,0.076,0.245784,0.028424
51139,0.098,0.316932,0.036652
51141,0.099,0.320166,0.037026
51143,0.103,0.333102,0.038522
51145,0.06,0.19404,0.02244
51147,0.084,0.271656,0.031416
51149,0.073,0.236082,0.027302
51153,0.053,0.171402,0.019822
51155,0.108,0.349272,0.040392
51157,0.056,0.181104,0.020944
51159,0.072,0.232848,0.026928
51161,0.059,0.190806,0.022066
51163,0.056,0.181104,0.020944
51165,0.053,0.171402,0.019822
51167,0.096,0.310464,0.035904
51169,0.099,0.320166,0.037026
51171,0.076,0.245784,0.028424
51173,0.102,0.329868,0.038148
51175,0.077,0.249018,0.028798
51177,0.051,0.164934,0.019074
51179,0.051,0.164934,0.019074
51181,0.073,0.236082,0.027302
51183,0.095,0.30723,0.03553
51185,0.079,0.255486,0.029546
51187,0.066,0.213444,0.024684
51191,0.082,0.265188,0.030668
51193,0.071,0.229614,0.026554
51195,0.067,0.216678,0.025058
51197,0.097,0.313698,0.036278
51199,0.05,0.1617,0.0187
51510,0.048,0.155232,0.017952
51515,0.089,0.287826,0.033286
51520,0.099,0.320166,0.037026
51530,0.087,0.281358,0.032538
51540,0.062,0.200508,0.023188
51550,0.064,0.206976,0.023936
51570,0.082,0.265188,0.030668
51580,0.091,0.294294,0.034034
51590,0.13,0.42042,0.04862
51595,0.118,0.381612,0.044132
51600,0.054,0.174636,0.020196
51610,0.073,0.236082,0.027302
51620,0.107,0.346038,0.040018
51630,0.091,0.294294,0.034034
51640,0.103,0.333102,0.038522
51650,0.077,0.249018,0.028798
51660,0.064,0.206976,0.023936
51670,0.104,0.336336,0.038896
51678,0.092,0.297528,0.034408
51680,0.077,0.249018,0.028798
51683,0.068,0.219912,0.025432
51685,0.054,0.174636,0.020196
51690,0.2,0.6468,0.0748
51700,0.073,0.236082,0.027302
51710,0.084,0.271656,0.031416
51720,0.055,0.17787,0.02057
51730,0.138,0.446292,0.051612
51735,0.05,0.1617,0.0187
51740,0.084,0.271656,0.031416
51750,0.085,0.27489,0.03179
51760,0.1,0.3234,0.0374
51770,0.086,0.278124,0.032164
51775,0.063,0.203742,0.023562
51790,0.073,0.236082,0.027302
51800,0.066,0.213444,0.024684
51810,0.059,0.190806,0.022066
51820,0.082,0.265188,0.030668
51830,0.135,0.43659,0.05049
51840,0.079,0.255486,0.029546
53001,0.065,0.21021,0.02431
53003,0.081,0.261954,0.030294
53005,0.058,0.187572,0.021692
53007,0.065,0.21021,0.02431
53009,0.085,0.27489,0.03179
53011,0.127,0.410718,0.047498
53013,0.084,0.271656,0.031416
53015,0.128,0.413952,0.047872
53017,0.066,0.213444,0.024684
53019,0.113,0.365442,0.042262
53021,0.062,0.200508,0.023188
53023,0.053,0.171402,0.019822
53025,0.073,0.236082,0.027302
53027,0.117,0.378378,0.043758
53029,0.081,0.261954,0.030294
53031,0.074,0.239316,0.027676
53033,0.088,0.284592,0.032912
53035,0.071,0.229614,0.026554
53037,0.073,0.236082,0.027302
53039,0.081,0.261954,0.030294
53041,0.12,0.38808,0.04488
53043,0.074,0.239316,0.027676
53045,0.094,0.303996,0.035156
53047,0.074,0.239316,0.027676
53049,0.107,0.346038,0.040018
53051,0.121,0.391314,0.045254
53053,0.088,0.284592,0.032912
53055,0.047,0.151998,0.017578
53057,0.091,0.294294,0.034034
53059,0.094,0.303996,0.035156
53061,0.101,0.326634,0.037774
53063,0.083,0.268422,0.031042
53065,0.105,0.33957,0.03927
53067,0.071,0.229614,0.026554
53069,0.114,0.368676,0.042636
53071,0.055,0.17787,0.02057
53073,0.078,0.252252,0.029172
53075,0.047,0.151998,0.017578
53077,0.068,0.219912,0.025432
54001,0.092,0.297528,0.034408
54003,0.085,0.27489,0.03179
54005,0.094,0.303996,0.035156
54007,0.08,0.25872,0.02992
54009,0.111,0.358974,0.041514
54011,0.066,0.213444,0.024684
54013,0.121,0.391314,0.045254
54015,0.119,0.384846,0.044506
54017,0.074,0.239316,0.027676
54019,0.086,0.278124,0.032164
54021,0.065,0.21021,0.02431
54023,0.112,0.362208,0.041888
54025,0.083,0.268422,0.031042
54027,0.078,0.252252,0.029172
54029,0.118,0.381612,0.044132
54031,0.097,0.313698,0.036278
54033,0.071,0.229614,0.026554
54035,0.129,0.417186,0.048246
54037,0.066,0.213444,0.024684
54039,0.071,0.229614,0.026554
54041,0.075,0.24255,0.02805
54043,0.106,0.342804,0.039644
54045,0.098,0.316932,0.036652
54047,0.127,0.410718,0.047498
54049,0.065,0.21021,0.02431
54051,0.087,0.281358,0.032538
54053,0.121,0.391314,0.045254
54055,0.069,0.223146,0.025806
54057,0.079,0.255486,0.029546
54059,0.107,0.346038,0.040018
54061,0.046,0.148764,0.017204
54063,0.065,0.21021,0.02431
54065,0.091,0.294294,0.034034
54067,0.091,0.294294,0.034034
54069,0.078,0.252252,0.029172
54071,0.075,0.24255,0.02805
54073,0.102,0.329868,0.038148
54075,0.113,0.365442,0.042262
54077,0.07,0.22638,0.02618
54079,0.063,0.203742,0.023562
54081,0.08,0.25872,0.02992
54083,0.085,0.27489,0.03179
54085,0.088,0.284592,0.032912
54087,0.13,0.42042,0.04862
54089,0.078,0.252252,0.029172
54091,0.079,0.255486,0.029546
54093,0.109,0.352506,0.040766
54095,0.108,0.349272,0.040392
54097,0.089,0.287826,0.033286
54099,0.077,0.249018,0.028798
54101,0.104,0.336336,0.038896
54103,0.123,0.397782,0.046002
54105,0.114,0.368676,0.042636
54107,0.088,0.284592,0.032912
54109,0.115,0.37191,0.04301
55001,0.083,0.268422,0.031042
55003,0.083,0.268422,0.031042
55005,0.071,0.229614,0.026554
55007,0.062,0.200508,0.023188
55009,0.071,0.229614,0.026554
55011,0.057,0.184338,0.021318
55013,0.091,0.294294,0.034034
55015,0.067,0.216678,0.025058
55017,0.066,0.213444,0.024684
55019,0.076,0.245784,0.028424
55021,0.071,0.229614,0.026554
55023,0.081,0.261954,0.030294
55025,0.054,0.174636,0.020196
55027,0.084,0.271656,0.031416
55029,0.066,0.213444,0.024684
55031,0.065,0.21021,0.02431
55033,0.058,0.187572,0.021692
55035,0.06,0.19404,0.02244
55037,0.081,0.261954,0.030294
55039,0.078,0.252252,0.029172
55041,0.081,0.261954,0.030294
55043,0.061,0.197274,0.022814
55045,0.078,0.252252,0.029172
55047,0.075,0.24255,0.02805
55049,0.062,0.200508,0.023188
55051,0.094,0.303996,0.035156
55053,0.072,0.232848,0.026928
55055,0.08,0.25872,0.02992
55057,0.085,0.27489,0.03179
55059,0.098,0.316932,0.036652
55061,0.073,0.236082,0.027302
55063,0.059,0.190806,0.022066
55065,0.06,0.19404,0.02244
55067,0.085,0.27489,0.03179
55069,0.096,0.310464,0.035904
55071,0.085,0.27489,0.03179
55073,0.077,0.249018,0.028798
55075,0.102,0.329868,0.038148
55077,0.083,0.268422,0.031042
55078,0.127,0.410718,0.047498
55079,0.093,0.300762,0.034782
55081,0.064,0.206976,0.023936
55083,0.091,0.294294,0.034034
55085,0.074,0.239316,0.027676
55087,0.075,0.24255,0.02805
55089,0.072,0.232848,0.026928
55091,0.054,0.174636,0.020196
55093,0.061,0.197274,0.022814
55095,0.084,0.271656,0.031416
55097,0.058,0.187572,0.021692
55099,0.094,0.303996,0.035156
55101,0.093,0.300762,0.034782
55103,0.075,0.24255,0.02805
55105,0.111,0.358974,0.041514
55107,0.101,0.326634,0.037774
55109,0.068,0.219912,0.025432
55111,0.07,0.22638,0.02618
55113,0.071,0.229614,0.026554
55115,0.082,0.265188,0.030668
55117,0.083,0.268422,0.031042
55119,0.096,0.310464,0.035904
55121,0.064,0.206976,0.023936
55123,0.066,0.213444,0.024684
55125,0.071,0.229614,0.026554
55127,0.077,0.249018,0.028798
55129,0.078,0.252252,0.029172
55131,0.081,0.261954,0.030294
55133,0.072,0.232848,0.026928
55135,0.082,0.265188,0.030668
55137,0.082,0.265188,0.030668
55139,0.07,0.22638,0.02618
55141,0.074,0.239316,0.027676
56001,0.036,0.116424,0.013464
56003,0.082,0.265188,0.030668
56005,0.057,0.184338,0.021318
56007,0.068,0.219912,0.025432
56009,0.059,0.190806,0.022066
56011,0.049,0.158466,0.018326
56013,0.074,0.239316,0.027676
56015,0.053,0.171402,0.019822
56017,0.058,0.187572,0.021692
56019,0.067,0.216678,0.025058
56021,0.063,0.203742,0.023562
56023,0.065,0.21021,0.02431
56025,0.073,0.236082,0.027302
56027,0.045,0.14553,0.01683
56029,0.051,0.164934,0.019074
56031,0.062,0.200508,0.023188
56033,0.066,0.213444,0.024684
56035,0.045,0.14553,0.01683
56037,0.074,0.239316,0.027676
56039,0.052,0.168168,0.019448
56041,0.072,0.232848,0.026928
56043,0.059,0.190806,0.022066
56045,0.059,0.190806,0.022066
72001,0.217,0.701778,0.081158
72003,0.179,0.578886,0.066946
72005,0.178,0.575652,0.066572
72007,0.182,0.588588,0.068068
72009,0.192,0.620928,0.071808
72011,0.183,0.591822,0.068442
72013,0.167,0.540078,0.062458
72015,0.227,0.734118,0.084898
72017,0.201,0.650034,0.075174
72019,0.196,0.633864,0.073304
72021,0.136,0.439824,0.050864
72023,0.135,0.43659,0.05049
72025,0.158,0.510972,0.059092
72027,0.156,0.504504,0.058344
72029,0.212,0.685608,0.079288
72031,0.133,0.430122,0.049742
72033,0.183,0.591822,0.068442
72035,0.181,0.585354,0.067694
72037,0.176,0.569184,0.065824
72039,0.236,0.763224,0.088264
72041,0.173,0.559482,0.064702
72043,0.231,0.747054,0.086394
72045,0.234,0.756756,0.087516
72047,0.177,0.572418,0.066198
72049,0.116,0.375144,0.043384
72051,0.152,0.491568,0.056848
72053,0.178,0.575652,0.066572
72054,0.215,0.69531,0.08041
72055,0.199,0.643566,0.074426
72057,0.22,0.71148,0.08228
72059,0.226,0.730884,0.084524
72061,0.106,0.342804,0.039644
72063,0.163,0.527142,0.060962
72065,0.165,0.53361,0.06171
72067,0.164,0.530376,0.061336
72069,0.208,0.672672,0.077792
72071,0.191,0.617694,0.071434
72073,0.219,0.708246,0.081906
72075,0.186,0.601524,0.069564
72077,0.191,0.617694,0.071434
72079,0.186,0.601524,0.069564
72081,0.175,0.56595,0.06545
72083,0.181,0.585354,0.067694
72085,0.192,0.620928,0.071808
72087,0.204,0.659736,0.076296
72089,0.202,0.653268,0.075548
72091,0.192,0.620928,0.071808
72093,0.199,0.643566,0.074426
72095,0.259,0.837606,0.096866
72097,0.179,0.578886,0.066946
72099,0.18,0.58212,0.06732
72101,0.216,0.698544,0.080784
72103,0.232,0.750288,0.086768
72105,0.189,0.611226,0.070686
72107,0.228,0.737352,0.085272
72109,0.236,0.763224,0.088264
72111,0.202,0.653268,0.075548
72113,0.159,0.514206,0.059466
72115,0.168,0.543312,0.062832
72117,0.179,0.578886,0.066946
72119,0.171,0.553014,0.063954
72121,0.189,0.611226,0.070686
72123,0.252,0.814968,0.094248
72125,0.178,0.575652,0.066572
72127,0.119,0.384846,0.044506
72129,0.185,0.59829,0.06919
72131,0.182,0.588588,0.068068
72133,0.257,0.831138,0.096118
72135,0.129,0.417186,0.048246
72137,0.134,0.433356,0.050116
72139,0.111,0.358974,0.041514
72141,0.258,0.834372,0.096492
72143,0.163,0.527142,0.060962
72145,0.176,0.569184,0.065824
72147,0.277,0.895818,0.103598
72149,0.198,0.640332,0.074052
72151,0.241,0.779394,0.090134
72153,0.16,0.51744,0.05984
